,size,from_Concordia,price
0,4.5,6.0,1400.0
1,5.5,5.0,1925.0
3,1.5,2.0,1425.0
4,3.5,3.0,1710.0
5,5.5,9.0,1700.0
6,7.5,4.0,2900.0
7,1.5,9.0,740.0
8,6.5,3.0,3500.0
9,3.5,6.0,1350.0
10,4.5,9.0,1550.0
11,1.5,4.0,950.0
12,4.5,7.0,2000.0
13,5.5,10.0,1400.0
14,4.5,1.0,2639.0
15,3.5,1.0,1765.0
16,1.5,1.0,1538.0
17,3.5,3.0,1700.0
18,5.5,2.0,3442.0
19,3.5,2.0,1715.0
20,4.5,2.0,2415.0
21,1.5,2.0,1505.0
22,5.5,1.0,5025.0
23,3.5,1.0,1765.0
24,4.5,1.0,2375.0
25,5.5,5.0,3500.0
26,4.5,5.0,2000.0
27,3.5,5.0,1385.0
28,1.5,5.0,1114.0
29,3.5,2.0,1650.0
30,5.5,1.0,4820.0
31,4.5,1.0,2230.0
32,3.5,1.0,1875.0
33,1.5,6.0,1200.0
34,4.5,2.0,2390.0
35,4.5,5.0,1195.0
36,3.5,1.0,1695.0
37,4.5,1.0,2150.0
38,1.5,1.0,1655.0
39,1.5,2.0,1820.0
40,5.5,2.0,3200.0
41,5.5,2.0,3450.0
42,3.5,2.0,1605.0
43,1.5,2.0,1275.0
44,4.5,2.0,2100.0
45,4.5,1.0,2230.0
46,4.5,2.0,3250.0
47,3.5,2.0,1850.0
48,4.5,5.0,2150.0
49,4.5,3.0,1750.0
50,1.5,8.0,720.0
51,5.5,9.0,1700.0
52,7.5,4.0,2900.0
53,1.5,9.0,740.0
54,6.5,3.0,3500.0
55,3.5,6.0,1350.0
56,4.5,9.0,1550.0
57,1.5,4.0,950.0
58,4.5,7.0,2000.0
59,5.5,10.0,1400.0
60,4.5,1.0,2639.0
61,3.5,1.0,1765.0
62,1.5,1.0,1538.0
63,3.5,3.0,1700.0
64,5.5,2.0,3442.0
65,3.5,2.0,1715.0
66,4.5,2.0,2415.0
67,1.5,2.0,1505.0
68,5.5,1.0,5025.0
69,3.5,1.0,1765.0
70,4.5,1.0,2375.0
71,5.5,5.0,3500.0
72,4.5,5.0,2000.0
73,3.5,5.0,1385.0
74,1.5,5.0,1114.0
75,3.5,2.0,1650.0
76,5.5,1.0,4820.0
77,4.5,1.0,2230.0
78,3.5,1.0,1875.0
79,1.5,6.0,1200.0
80,4.5,2.0,2390.0
81,4.5,5.0,1195.0
82,3.5,1.0,1695.0
83,4.5,1.0,2150.0
84,1.5,1.0,1655.0
85,1.5,2.0,1820.0
86,5.5,2.0,3200.0
87,5.5,2.0,3450.0
88,3.5,2.0,1605.0
89,1.5,2.0,1275.0
90,4.5,7.0,2225.0
91,4.5,8.0,1850.0
92,3.5,10.0,1495.0
93,3.5,8.0,1585.0
94,4.5,1.0,1900.0
95,1.5,8.0,720.0
96,5.5,9.0,1700.0
97,7.5,4.0,2900.0
98,1.5,9.0,740.0
99,6.5,3.0,3500.0
100,3.5,6.0,1350.0
101,4.5,9.0,1550.0
102,1.5,4.0,950.0
103,4.5,7.0,2000.0
104,5.5,10.0,1400.0
105,4.5,1.0,2639.0
106,3.5,1.0,1765.0
107,1.5,1.0,1538.0
108,3.5,3.0,1700.0
109,5.5,2.0,3442.0
110,3.5,2.0,1715.0
111,4.5,2.0,2415.0
112,1.5,2.0,1505.0
113,5.5,1.0,5025.0
114,3.5,1.0,1765.0
115,4.5,1.0,2375.0
116,5.5,5.0,3500.0
117,4.5,5.0,2000.0
118,3.5,5.0,1385.0
119,1.5,5.0,1114.0
120,3.5,2.0,1650.0
121,5.5,1.0,4820.0
122,4.5,1.0,2230.0
123,3.5,1.0,1875.0
124,1.5,6.0,1200.0
125,4.5,2.0,2390.0
126,4.5,5.0,1195.0
127,3.5,1.0,1695.0
128,4.5,1.0,2150.0
129,1.5,1.0,1655.0
130,1.5,2.0,1820.0
131,5.5,2.0,3200.0
132,5.5,2.0,3450.0
133,3.5,2.0,1605.0
134,1.5,2.0,1275.0
135,3.5,9.0,1500.0
136,1.5,2.0,1365.0
137,6.5,6.0,5460.0
138,1.5,4.0,850.0
139,5.5,5.0,1925.0
140,1.5,8.0,720.0
141,5.5,9.0,1700.0
142,7.5,4.0,2900.0
143,1.5,9.0,740.0
144,6.5,3.0,3500.0
145,3.5,6.0,1350.0
146,4.5,9.0,1550.0
147,1.5,4.0,950.0
148,4.5,7.0,2000.0
149,5.5,10.0,1400.0
150,4.5,1.0,2639.0
151,3.5,1.0,1765.0
152,1.5,1.0,1538.0
153,3.5,3.0,1700.0
154,5.5,2.0,3442.0
155,3.5,2.0,1715.0
156,4.5,2.0,2415.0
157,1.5,2.0,1505.0
158,5.5,1.0,5025.0
159,3.5,1.0,1765.0
160,4.5,1.0,2375.0
161,5.5,5.0,3500.0
162,4.5,5.0,2000.0
163,3.5,5.0,1385.0
164,1.5,5.0,1114.0
165,3.5,2.0,1650.0
166,5.5,1.0,4820.0
167,4.5,1.0,2230.0
168,3.5,1.0,1875.0
169,1.5,6.0,1200.0
170,4.5,2.0,2390.0
171,4.5,5.0,1195.0
172,3.5,1.0,1695.0
173,4.5,1.0,2150.0
174,1.5,1.0,1655.0
175,1.5,2.0,1820.0
176,5.5,2.0,3200.0
177,5.5,2.0,3450.0
178,3.5,2.0,1605.0
179,1.5,2.0,1275.0
180,5.5,8.0,2600.0
181,4.5,2.0,2225.0
182,5.5,1.0,4820.0
183,3.5,2.0,1600.0
184,4.5,3.0,2000.0
185,1.5,8.0,720.0
186,5.5,9.0,1700.0
187,7.5,4.0,2900.0
188,1.5,9.0,740.0
189,6.5,3.0,3500.0
190,3.5,6.0,1350.0
191,4.5,9.0,1550.0
192,1.5,4.0,950.0
193,4.5,7.0,2000.0
194,5.5,10.0,1400.0
195,4.5,1.0,2639.0
196,3.5,1.0,1765.0
197,1.5,1.0,1538.0
198,3.5,3.0,1700.0
199,5.5,2.0,3442.0
200,3.5,2.0,1715.0
201,4.5,2.0,2415.0
202,1.5,2.0,1505.0
203,5.5,1.0,5025.0
204,3.5,1.0,1765.0
205,4.5,1.0,2375.0
206,5.5,5.0,3500.0
207,4.5,5.0,2000.0
208,3.5,5.0,1385.0
209,1.5,5.0,1114.0
210,3.5,2.0,1650.0
211,5.5,1.0,4820.0
212,4.5,1.0,2230.0
213,3.5,1.0,1875.0
214,1.5,6.0,1200.0
215,4.5,2.0,2390.0
216,4.5,5.0,1195.0
217,3.5,1.0,1695.0
218,4.5,1.0,2150.0
219,1.5,1.0,1655.0
220,1.5,2.0,1820.0
221,5.5,2.0,3200.0
222,5.5,2.0,3450.0
223,3.5,2.0,1605.0
224,1.5,2.0,1275.0
225,4.5,1.0,1975.0
226,5.5,1.0,4820.0
227,1.5,4.0,850.0
228,3.5,2.0,1550.0
229,1.5,1.0,1135.0
230,1.5,8.0,720.0
231,5.5,9.0,1700.0
232,7.5,4.0,2900.0
233,1.5,9.0,740.0
234,6.5,3.0,3500.0
235,3.5,6.0,1350.0
236,4.5,9.0,1550.0
237,1.5,4.0,950.0
238,4.5,7.0,2000.0
239,5.5,10.0,1400.0
240,4.5,1.0,2639.0
241,3.5,1.0,1765.0
242,1.5,1.0,1538.0
243,3.5,3.0,1700.0
244,5.5,2.0,3442.0
245,3.5,2.0,1715.0
246,4.5,2.0,2415.0
247,1.5,2.0,1505.0
248,5.5,1.0,5025.0
249,3.5,1.0,1765.0
250,4.5,1.0,2375.0
251,5.5,5.0,3500.0
252,4.5,5.0,2000.0
253,3.5,5.0,1385.0
254,1.5,5.0,1114.0
255,3.5,2.0,1650.0
256,5.5,1.0,4820.0
257,4.5,1.0,2230.0
258,3.5,1.0,1875.0
259,1.5,6.0,1200.0
260,4.5,2.0,2390.0
261,4.5,5.0,1195.0
262,3.5,1.0,1695.0
263,4.5,1.0,2150.0
264,1.5,1.0,1655.0
265,1.5,2.0,1820.0
266,5.5,2.0,3200.0
267,5.5,2.0,3450.0
268,3.5,2.0,1605.0
269,1.5,2.0,1275.0
270,4.5,2.0,1750.0
271,4.5,3.0,2086.0
272,3.5,8.0,1350.0
273,3.5,2.0,1740.0
274,4.5,4.0,2300.0
275,1.5,8.0,720.0
276,5.5,9.0,1700.0
277,7.5,4.0,2900.0
278,1.5,9.0,740.0
279,6.5,3.0,3500.0
280,3.5,6.0,1350.0
281,4.5,9.0,1550.0
282,1.5,4.0,950.0
283,4.5,7.0,2000.0
284,5.5,10.0,1400.0
285,4.5,1.0,2639.0
286,3.5,1.0,1765.0
287,1.5,1.0,1538.0
288,3.5,3.0,1700.0
289,5.5,2.0,3442.0
290,3.5,2.0,1715.0
291,4.5,2.0,2415.0
292,1.5,2.0,1505.0
293,5.5,1.0,5025.0
294,3.5,1.0,1765.0
295,4.5,1.0,2375.0
296,5.5,5.0,3500.0
297,4.5,5.0,2000.0
298,3.5,5.0,1385.0
299,1.5,5.0,1114.0
300,3.5,2.0,1650.0
301,5.5,1.0,4820.0
302,4.5,1.0,2230.0
303,3.5,1.0,1875.0
304,1.5,6.0,1200.0
305,4.5,2.0,2390.0
306,4.5,5.0,1195.0
307,3.5,1.0,1695.0
308,4.5,1.0,2150.0
309,1.5,1.0,1655.0
310,1.5,2.0,1820.0
311,5.5,2.0,3200.0
312,5.5,2.0,3450.0
313,3.5,2.0,1605.0
314,1.5,2.0,1275.0
315,5.5,8.0,2600.0
316,4.5,9.0,2200.0
317,3.5,1.0,1695.0
318,3.5,7.0,1390.0
319,4.5,4.0,2600.0
320,1.5,8.0,720.0
321,5.5,9.0,1700.0
322,7.5,4.0,2900.0
323,1.5,9.0,740.0
324,6.5,3.0,3500.0
325,3.5,6.0,1350.0
326,4.5,9.0,1550.0
327,1.5,4.0,950.0
328,4.5,7.0,2000.0
329,5.5,10.0,1400.0
330,4.5,1.0,2639.0
331,3.5,1.0,1765.0
332,1.5,1.0,1538.0
333,3.5,3.0,1700.0
334,5.5,2.0,3442.0
335,3.5,2.0,1715.0
336,4.5,2.0,2415.0
337,1.5,2.0,1505.0
338,5.5,1.0,5025.0
339,3.5,1.0,1765.0
340,4.5,1.0,2375.0
341,5.5,5.0,3500.0
342,4.5,5.0,2000.0
343,3.5,5.0,1385.0
344,1.5,5.0,1114.0
345,3.5,2.0,1650.0
346,5.5,1.0,4820.0
347,4.5,1.0,2230.0
348,3.5,1.0,1875.0
349,1.5,6.0,1200.0
350,4.5,2.0,2390.0
351,4.5,5.0,1195.0
352,3.5,1.0,1695.0
353,4.5,1.0,2150.0
354,1.5,1.0,1655.0
355,1.5,2.0,1820.0
356,5.5,2.0,3200.0
357,5.5,2.0,3450.0
358,3.5,2.0,1605.0
359,1.5,2.0,1275.0
360,4.5,7.0,2225.0
361,4.5,4.0,2300.0
362,1.5,4.0,850.0
363,5.5,7.0,1490.0
364,4.5,1.0,1900.0
365,1.5,8.0,720.0
366,5.5,9.0,1700.0
367,7.5,4.0,2900.0
368,1.5,9.0,740.0
369,6.5,3.0,3500.0
370,3.5,6.0,1350.0
371,4.5,9.0,1550.0
372,1.5,4.0,950.0
373,4.5,7.0,2000.0
374,5.5,10.0,1400.0
375,4.5,1.0,2639.0
376,3.5,1.0,1765.0
377,1.5,1.0,1538.0
378,3.5,3.0,1700.0
379,5.5,2.0,3442.0
380,3.5,2.0,1715.0
381,4.5,2.0,2415.0
382,1.5,2.0,1505.0
383,5.5,1.0,5025.0
384,3.5,1.0,1765.0
385,4.5,1.0,2375.0
386,5.5,5.0,3500.0
387,4.5,5.0,2000.0
388,3.5,5.0,1385.0
389,1.5,5.0,1114.0
390,3.5,2.0,1650.0
391,5.5,1.0,4820.0
392,4.5,1.0,2230.0
393,3.5,1.0,1875.0
394,1.5,6.0,1200.0
395,4.5,2.0,2390.0
396,4.5,5.0,1195.0
397,3.5,1.0,1695.0
398,4.5,1.0,2150.0
399,1.5,1.0,1655.0
400,1.5,2.0,1820.0
401,5.5,2.0,3200.0
402,5.5,2.0,3450.0
403,3.5,2.0,1605.0
404,1.5,2.0,1275.0
405,3.5,3.0,1375.0
406,4.5,7.0,2225.0
407,3.5,2.0,1550.0
409,4.5,1.0,2325.0
410,1.5,8.0,720.0
411,5.5,9.0,1700.0
412,7.5,4.0,2900.0
413,1.5,9.0,740.0
414,6.5,3.0,3500.0
415,3.5,6.0,1350.0
416,4.5,9.0,1550.0
417,1.5,4.0,950.0
418,4.5,7.0,2000.0
419,5.5,10.0,1400.0
420,4.5,1.0,2639.0
421,3.5,1.0,1765.0
422,1.5,1.0,1538.0
423,3.5,3.0,1700.0
424,5.5,2.0,3442.0
425,3.5,2.0,1715.0
426,4.5,2.0,2415.0
427,1.5,2.0,1505.0
428,5.5,1.0,5025.0
429,3.5,1.0,1765.0
430,4.5,1.0,2375.0
431,5.5,5.0,3500.0
432,4.5,5.0,2000.0
433,3.5,5.0,1385.0
434,1.5,5.0,1114.0
435,3.5,2.0,1650.0
436,5.5,1.0,4820.0
437,4.5,1.0,2230.0
438,3.5,1.0,1875.0
439,1.5,6.0,1200.0
440,4.5,2.0,2390.0
441,4.5,5.0,1195.0
442,3.5,1.0,1695.0
443,4.5,1.0,2150.0
444,1.5,1.0,1655.0
445,1.5,2.0,1820.0
446,5.5,2.0,3200.0
447,5.5,2.0,3450.0
448,3.5,2.0,1605.0
449,1.5,2.0,1275.0
450,4.5,2.0,2015.0
451,4.5,1.0,2970.0
452,4.5,3.0,1750.0
453,4.5,3.0,2225.0
454,4.5,10.0,1700.0
455,1.5,8.0,720.0
456,5.5,9.0,1700.0
457,7.5,4.0,2900.0
458,1.5,9.0,740.0
459,6.5,3.0,3500.0
460,3.5,6.0,1350.0
461,4.5,9.0,1550.0
462,1.5,4.0,950.0
463,4.5,7.0,2000.0
464,5.5,10.0,1400.0
465,4.5,1.0,2639.0
466,3.5,1.0,1765.0
467,1.5,1.0,1538.0
468,3.5,3.0,1700.0
469,5.5,2.0,3442.0
470,3.5,2.0,1715.0
471,4.5,2.0,2415.0
472,1.5,2.0,1505.0
473,5.5,1.0,5025.0
474,3.5,1.0,1765.0
475,4.5,1.0,2375.0
476,5.5,5.0,3500.0
477,4.5,5.0,2000.0
478,3.5,5.0,1385.0
479,1.5,5.0,1114.0
480,3.5,2.0,1650.0
481,5.5,1.0,4820.0
482,4.5,1.0,2230.0
483,3.5,1.0,1875.0
484,1.5,6.0,1200.0
485,4.5,2.0,2390.0
486,4.5,5.0,1195.0
487,3.5,1.0,1695.0
488,4.5,1.0,2150.0
489,1.5,1.0,1655.0
490,1.5,2.0,1820.0
491,5.5,2.0,3200.0
492,5.5,2.0,3450.0
493,3.5,2.0,1605.0
494,1.5,2.0,1275.0
495,4.5,6.0,3295.0
496,6.5,6.0,5460.0
497,3.5,8.0,1550.0
498,4.5,4.0,2600.0
499,3.5,3.0,1375.0
500,1.5,8.0,720.0
501,5.5,9.0,1700.0
502,7.5,4.0,2900.0
503,1.5,9.0,740.0
504,6.5,3.0,3500.0
505,3.5,6.0,1350.0
506,4.5,9.0,1550.0
507,1.5,4.0,950.0
508,4.5,7.0,2000.0
509,5.5,10.0,1400.0
510,4.5,1.0,2639.0
511,3.5,1.0,1765.0
512,1.5,1.0,1538.0
513,3.5,3.0,1700.0
514,5.5,2.0,3442.0
515,3.5,2.0,1715.0
516,4.5,2.0,2415.0
517,1.5,2.0,1505.0
518,5.5,1.0,5025.0
519,3.5,1.0,1765.0
520,4.5,1.0,2375.0
521,5.5,5.0,3500.0
522,4.5,5.0,2000.0
523,3.5,5.0,1385.0
524,1.5,5.0,1114.0
525,3.5,2.0,1650.0
526,5.5,1.0,4820.0
527,4.5,1.0,2230.0
528,3.5,1.0,1875.0
529,1.5,6.0,1200.0
530,4.5,2.0,2390.0
531,4.5,5.0,1195.0
532,3.5,1.0,1695.0
533,4.5,1.0,2150.0
534,1.5,1.0,1655.0
535,1.5,2.0,1820.0
536,5.5,2.0,3200.0
537,5.5,2.0,3450.0
538,3.5,2.0,1605.0
539,1.5,2.0,1275.0
540,4.5,1.0,2970.0
541,3.5,2.0,1645.0
542,6.5,1.0,3000.0
543,3.5,2.0,1850.0
544,1.5,1.0,1195.0
545,1.5,8.0,720.0
546,5.5,9.0,1700.0
547,7.5,4.0,2900.0
548,1.5,9.0,740.0
549,6.5,3.0,3500.0
550,3.5,6.0,1350.0
551,4.5,9.0,1550.0
552,1.5,4.0,950.0
553,4.5,7.0,2000.0
554,5.5,10.0,1400.0
555,4.5,1.0,2639.0
556,3.5,1.0,1765.0
557,1.5,1.0,1538.0
558,3.5,3.0,1700.0
559,5.5,2.0,3442.0
560,3.5,2.0,1715.0
561,4.5,2.0,2415.0
562,1.5,2.0,1505.0
563,5.5,1.0,5025.0
564,3.5,1.0,1765.0
565,4.5,1.0,2375.0
566,5.5,5.0,3500.0
567,4.5,5.0,2000.0
568,3.5,5.0,1385.0
569,1.5,5.0,1114.0
570,3.5,2.0,1650.0
571,5.5,1.0,4820.0
572,4.5,1.0,2230.0
573,3.5,1.0,1875.0
574,1.5,6.0,1200.0
575,4.5,2.0,2390.0
576,4.5,5.0,1195.0
577,3.5,1.0,1695.0
578,4.5,1.0,2150.0
579,1.5,1.0,1655.0
580,1.5,2.0,1820.0
581,5.5,2.0,3200.0
582,5.5,2.0,3450.0
583,3.5,2.0,1605.0
584,1.5,2.0,1275.0
585,3.5,4.0,1570.0
586,4.5,5.0,2565.0
587,3.5,8.0,1350.0
588,1.5,1.0,1475.0
589,4.5,4.0,1350.0
590,1.5,8.0,720.0
591,5.5,9.0,1700.0
592,7.5,4.0,2900.0
593,1.5,9.0,740.0
594,6.5,3.0,3500.0
595,3.5,6.0,1350.0
596,4.5,9.0,1550.0
597,1.5,4.0,950.0
598,4.5,7.0,2000.0
599,5.5,10.0,1400.0
600,4.5,1.0,2639.0
601,3.5,1.0,1765.0
602,1.5,1.0,1538.0
603,3.5,3.0,1700.0
604,5.5,2.0,3442.0
605,3.5,2.0,1715.0
606,4.5,2.0,2415.0
607,1.5,2.0,1505.0
608,5.5,1.0,5025.0
609,3.5,1.0,1765.0
610,4.5,1.0,2375.0
611,5.5,5.0,3500.0
612,4.5,5.0,2000.0
613,3.5,5.0,1385.0
614,1.5,5.0,1114.0
615,3.5,2.0,1650.0
616,5.5,1.0,4820.0
617,4.5,1.0,2230.0
618,3.5,1.0,1875.0
619,1.5,6.0,1200.0
620,4.5,2.0,2390.0
621,4.5,5.0,1195.0
622,3.5,1.0,1695.0
623,4.5,1.0,2150.0
624,1.5,1.0,1655.0
625,1.5,2.0,1820.0
626,5.5,2.0,3200.0
627,5.5,2.0,3450.0
628,3.5,2.0,1605.0
629,1.5,2.0,1275.0
630,3.5,4.0,1365.0
631,4.5,3.0,1795.0
632,4.5,2.0,2015.0
633,4.5,1.0,1950.0
634,4.5,3.0,2086.0
635,1.5,8.0,720.0
636,5.5,9.0,1700.0
637,7.5,4.0,2900.0
638,1.5,9.0,740.0
639,6.5,3.0,3500.0
640,3.5,6.0,1350.0
641,4.5,9.0,1550.0
642,1.5,4.0,950.0
643,4.5,7.0,2000.0
644,5.5,10.0,1400.0
645,4.5,1.0,2639.0
646,3.5,1.0,1765.0
647,1.5,1.0,1538.0
648,3.5,3.0,1700.0
649,5.5,2.0,3442.0
650,3.5,2.0,1715.0
651,4.5,2.0,2415.0
652,1.5,2.0,1505.0
653,5.5,1.0,5025.0
654,3.5,1.0,1765.0
655,4.5,1.0,2375.0
656,5.5,5.0,3500.0
657,4.5,5.0,2000.0
658,3.5,5.0,1385.0
659,1.5,5.0,1114.0
660,3.5,2.0,1650.0
661,5.5,1.0,4820.0
662,4.5,1.0,2230.0
663,3.5,1.0,1875.0
664,1.5,6.0,1200.0
665,4.5,2.0,2390.0
666,4.5,5.0,1195.0
667,3.5,1.0,1695.0
668,4.5,1.0,2150.0
669,1.5,1.0,1655.0
670,1.5,2.0,1820.0
671,5.5,2.0,3200.0
672,5.5,2.0,3450.0
673,3.5,2.0,1605.0
674,1.5,2.0,1275.0
675,1.5,1.0,1135.0
676,1.5,1.0,1510.0
677,4.5,2.0,2250.0
678,4.5,8.0,1960.0
679,3.5,9.0,1295.0
680,1.5,8.0,720.0
681,5.5,9.0,1700.0
682,7.5,4.0,2900.0
683,1.5,9.0,740.0
684,6.5,3.0,3500.0
685,3.5,6.0,1350.0
686,4.5,9.0,1550.0
687,1.5,4.0,950.0
688,4.5,7.0,2000.0
689,5.5,10.0,1400.0
690,4.5,1.0,2639.0
691,3.5,1.0,1765.0
692,1.5,1.0,1538.0
693,3.5,3.0,1700.0
694,5.5,2.0,3442.0
695,3.5,2.0,1715.0
696,4.5,2.0,2415.0
697,1.5,2.0,1505.0
698,5.5,1.0,5025.0
699,3.5,1.0,1765.0
700,4.5,1.0,2375.0
701,5.5,5.0,3500.0
702,4.5,5.0,2000.0
703,3.5,5.0,1385.0
704,1.5,5.0,1114.0
705,3.5,2.0,1650.0
706,5.5,1.0,4820.0
707,4.5,1.0,2230.0
708,3.5,1.0,1875.0
709,1.5,6.0,1200.0
710,4.5,2.0,2390.0
711,4.5,5.0,1195.0
712,3.5,1.0,1695.0
713,4.5,1.0,2150.0
714,1.5,1.0,1655.0
715,1.5,2.0,1820.0
716,5.5,2.0,3200.0
717,5.5,2.0,3450.0
718,3.5,2.0,1605.0
719,1.5,2.0,1275.0
720,3.5,8.0,1550.0
721,4.5,3.0,1800.0
722,5.5,1.0,3100.0
723,4.5,9.0,2296.0
724,1.5,5.0,635.0
725,1.5,8.0,720.0
726,5.5,9.0,1700.0
727,7.5,4.0,2900.0
728,1.5,9.0,740.0
729,6.5,3.0,3500.0
730,3.5,6.0,1350.0
731,4.5,9.0,1550.0
732,1.5,4.0,950.0
733,4.5,7.0,2000.0
734,5.5,10.0,1400.0
735,4.5,1.0,2639.0
736,3.5,1.0,1765.0
737,1.5,1.0,1538.0
738,3.5,3.0,1700.0
739,5.5,2.0,3442.0
740,3.5,2.0,1715.0
741,4.5,2.0,2415.0
742,1.5,2.0,1505.0
743,5.5,1.0,5025.0
744,3.5,1.0,1765.0
745,4.5,1.0,2375.0
746,5.5,5.0,3500.0
747,4.5,5.0,2000.0
748,3.5,5.0,1385.0
749,1.5,5.0,1114.0
750,3.5,2.0,1650.0
751,5.5,1.0,4820.0
752,4.5,1.0,2230.0
753,3.5,1.0,1875.0
754,1.5,6.0,1200.0
755,4.5,2.0,2390.0
756,4.5,5.0,1195.0
757,3.5,1.0,1695.0
758,4.5,1.0,2150.0
759,1.5,1.0,1655.0
760,1.5,2.0,1820.0
761,5.5,2.0,3200.0
762,5.5,2.0,3450.0
763,3.5,2.0,1605.0
764,1.5,2.0,1275.0
765,1.5,1.0,1856.0
766,4.5,2.0,1845.0
767,4.5,10.0,1700.0
768,3.5,1.0,1829.0
769,3.5,1.0,1455.0
770,1.5,8.0,720.0
771,5.5,9.0,1700.0
772,7.5,4.0,2900.0
773,1.5,9.0,740.0
774,6.5,3.0,3500.0
775,3.5,6.0,1350.0
776,4.5,9.0,1550.0
777,1.5,4.0,950.0
778,4.5,7.0,2000.0
779,5.5,10.0,1400.0
780,4.5,1.0,2639.0
781,3.5,1.0,1765.0
782,1.5,1.0,1538.0
783,3.5,3.0,1700.0
784,5.5,2.0,3442.0
785,3.5,2.0,1715.0
786,4.5,2.0,2415.0
787,1.5,2.0,1505.0
788,5.5,1.0,5025.0
789,3.5,1.0,1765.0
790,4.5,1.0,2375.0
791,5.5,5.0,3500.0
792,4.5,5.0,2000.0
793,3.5,5.0,1385.0
794,1.5,5.0,1114.0
795,3.5,2.0,1650.0
796,5.5,1.0,4820.0
797,4.5,1.0,2230.0
798,3.5,1.0,1875.0
799,1.5,6.0,1200.0
800,4.5,2.0,2390.0
801,4.5,5.0,1195.0
802,3.5,1.0,1695.0
803,4.5,1.0,2150.0
804,1.5,1.0,1655.0
805,1.5,2.0,1820.0
806,5.5,2.0,3200.0
807,5.5,2.0,3450.0
808,3.5,2.0,1605.0
809,1.5,2.0,1275.0
810,3.5,8.0,1585.0
811,4.5,4.0,1500.0
812,4.5,1.0,1975.0
813,4.5,7.0,2225.0
814,3.5,3.0,1395.0
815,1.5,8.0,720.0
816,5.5,9.0,1700.0
817,7.5,4.0,2900.0
818,1.5,9.0,740.0
819,6.5,3.0,3500.0
820,3.5,6.0,1350.0
821,4.5,9.0,1550.0
822,1.5,4.0,950.0
823,4.5,7.0,2000.0
824,5.5,10.0,1400.0
825,4.5,1.0,2639.0
826,3.5,1.0,1765.0
827,1.5,1.0,1538.0
828,3.5,3.0,1700.0
829,5.5,2.0,3442.0
830,3.5,2.0,1715.0
831,4.5,2.0,2415.0
832,1.5,2.0,1505.0
833,5.5,1.0,5025.0
834,3.5,1.0,1765.0
835,4.5,1.0,2375.0
836,5.5,5.0,3500.0
837,4.5,5.0,2000.0
838,3.5,5.0,1385.0
839,1.5,5.0,1114.0
840,3.5,2.0,1650.0
841,5.5,1.0,4820.0
842,4.5,1.0,2230.0
843,3.5,1.0,1875.0
844,1.5,6.0,1200.0
845,4.5,2.0,2390.0
846,4.5,5.0,1195.0
847,3.5,1.0,1695.0
848,4.5,1.0,2150.0
849,1.5,1.0,1655.0
850,1.5,2.0,1820.0
851,5.5,2.0,3200.0
852,5.5,2.0,3450.0
853,3.5,2.0,1605.0
854,1.5,2.0,1275.0
856,4.5,7.0,1696.0
857,3.5,1.0,1350.0
858,4.5,5.0,2150.0
859,4.5,9.0,2296.0
860,1.5,8.0,720.0
861,5.5,9.0,1700.0
862,7.5,4.0,2900.0
863,1.5,9.0,740.0
864,6.5,3.0,3500.0
865,3.5,6.0,1350.0
866,4.5,9.0,1550.0
867,1.5,4.0,950.0
868,4.5,7.0,2000.0
869,5.5,10.0,1400.0
870,4.5,1.0,2639.0
871,3.5,1.0,1765.0
872,1.5,1.0,1538.0
873,3.5,3.0,1700.0
874,5.5,2.0,3442.0
875,3.5,2.0,1715.0
876,4.5,2.0,2415.0
877,1.5,2.0,1505.0
878,5.5,1.0,5025.0
879,3.5,1.0,1765.0
880,4.5,1.0,2375.0
881,5.5,5.0,3500.0
882,4.5,5.0,2000.0
883,3.5,5.0,1385.0
884,1.5,5.0,1114.0
885,3.5,2.0,1650.0
886,5.5,1.0,4820.0
887,4.5,1.0,2230.0
888,3.5,1.0,1875.0
889,1.5,6.0,1200.0
890,4.5,2.0,2390.0
891,4.5,5.0,1195.0
892,3.5,1.0,1695.0
893,4.5,1.0,2150.0
894,1.5,1.0,1655.0
895,1.5,2.0,1820.0
896,5.5,2.0,3200.0
897,5.5,2.0,3450.0
898,3.5,2.0,1605.0
899,1.5,2.0,1275.0
901,3.5,2.0,1550.0
902,4.5,8.0,1900.0
903,3.5,7.0,1390.0
904,1.5,2.0,850.0
905,1.5,8.0,720.0
906,5.5,9.0,1700.0
907,7.5,4.0,2900.0
908,1.5,9.0,740.0
909,6.5,3.0,3500.0
910,3.5,6.0,1350.0
911,4.5,9.0,1550.0
912,1.5,4.0,950.0
913,4.5,7.0,2000.0
914,5.5,10.0,1400.0
915,4.5,1.0,2639.0
916,3.5,1.0,1765.0
917,1.5,1.0,1538.0
918,3.5,3.0,1700.0
919,5.5,2.0,3442.0
920,3.5,2.0,1715.0
921,4.5,2.0,2415.0
922,1.5,2.0,1505.0
923,5.5,1.0,5025.0
924,3.5,1.0,1765.0
925,4.5,1.0,2375.0
926,5.5,5.0,3500.0
927,4.5,5.0,2000.0
928,3.5,5.0,1385.0
929,1.5,5.0,1114.0
930,3.5,2.0,1650.0
931,5.5,1.0,4820.0
932,4.5,1.0,2230.0
933,3.5,1.0,1875.0
934,1.5,6.0,1200.0
935,4.5,2.0,2390.0
936,4.5,5.0,1195.0
937,3.5,1.0,1695.0
938,4.5,1.0,2150.0
939,1.5,1.0,1655.0
940,1.5,2.0,1820.0
941,5.5,2.0,3200.0
942,5.5,2.0,3450.0
943,3.5,2.0,1605.0
944,1.5,2.0,1275.0
945,4.5,2.0,2250.0
946,1.5,4.0,850.0
947,4.5,10.0,1700.0
948,4.5,5.0,1295.0
949,3.5,2.0,1295.0
950,1.5,8.0,720.0
951,5.5,9.0,1700.0
952,7.5,4.0,2900.0
953,1.5,9.0,740.0
954,6.5,3.0,3500.0
955,3.5,6.0,1350.0
956,4.5,9.0,1550.0
957,1.5,4.0,950.0
958,4.5,7.0,2000.0
959,5.5,10.0,1400.0
960,4.5,1.0,2639.0
961,3.5,1.0,1765.0
962,1.5,1.0,1538.0
963,3.5,3.0,1700.0
964,5.5,2.0,3442.0
965,3.5,2.0,1715.0
966,4.5,2.0,2415.0
967,1.5,2.0,1505.0
968,5.5,1.0,5025.0
969,3.5,1.0,1765.0
970,4.5,1.0,2375.0
971,5.5,5.0,3500.0
972,4.5,5.0,2000.0
973,3.5,5.0,1385.0
974,1.5,5.0,1114.0
975,3.5,2.0,1650.0
976,5.5,1.0,4820.0
977,4.5,1.0,2230.0
978,3.5,1.0,1875.0
979,1.5,6.0,1200.0
980,4.5,2.0,2390.0
981,4.5,5.0,1195.0
982,3.5,1.0,1695.0
983,4.5,1.0,2150.0
984,1.5,1.0,1655.0
985,1.5,2.0,1820.0
986,5.5,2.0,3200.0
987,5.5,2.0,3450.0
988,3.5,2.0,1605.0
989,1.5,2.0,1275.0
990,3.5,9.0,1295.0
991,5.5,1.0,2650.0
992,5.5,2.0,3095.0
993,1.5,1.0,1856.0
994,3.5,2.0,2399.0
995,1.5,8.0,720.0
996,5.5,9.0,1700.0
997,7.5,4.0,2900.0
998,1.5,9.0,740.0
999,6.5,3.0,3500.0
1000,3.5,6.0,1350.0
1001,4.5,9.0,1550.0
1002,1.5,4.0,950.0
1003,4.5,7.0,2000.0
1004,5.5,10.0,1400.0
1005,4.5,1.0,2639.0
1006,3.5,1.0,1765.0
1007,1.5,1.0,1538.0
1008,3.5,3.0,1700.0
1009,5.5,2.0,3442.0
1010,3.5,2.0,1715.0
1011,4.5,2.0,2415.0
1012,1.5,2.0,1505.0
1013,5.5,1.0,5025.0
1014,3.5,1.0,1765.0
1015,4.5,1.0,2375.0
1016,5.5,5.0,3500.0
1017,4.5,5.0,2000.0
1018,3.5,5.0,1385.0
1019,1.5,5.0,1114.0
1020,3.5,2.0,1650.0
1021,5.5,1.0,4820.0
1022,4.5,1.0,2230.0
1023,3.5,1.0,1875.0
1024,1.5,6.0,1200.0
1025,4.5,2.0,2390.0
1026,4.5,5.0,1195.0
1027,3.5,1.0,1695.0
1028,4.5,1.0,2150.0
1029,1.5,1.0,1655.0
1030,1.5,2.0,1820.0
1031,5.5,2.0,3200.0
1032,5.5,2.0,3450.0
1033,3.5,2.0,1605.0
1034,1.5,2.0,1275.0
1035,4.5,2.0,1845.0
1036,3.5,8.0,1585.0
1037,4.5,4.0,1350.0
1038,4.5,7.0,1696.0
1039,4.5,6.0,1400.0
1040,1.5,8.0,720.0
1041,5.5,9.0,1700.0
1042,7.5,4.0,2900.0
1043,1.5,9.0,740.0
1044,6.5,3.0,3500.0
1045,3.5,6.0,1350.0
1046,4.5,9.0,1550.0
1047,1.5,4.0,950.0
1048,4.5,7.0,2000.0
1049,5.5,10.0,1400.0
1050,4.5,1.0,2639.0
1051,3.5,1.0,1765.0
1052,1.5,1.0,1538.0
1053,3.5,3.0,1700.0
1054,5.5,2.0,3442.0
1055,3.5,2.0,1715.0
1056,4.5,2.0,2415.0
1057,1.5,2.0,1505.0
1058,5.5,1.0,5025.0
1059,3.5,1.0,1765.0
1060,4.5,1.0,2375.0
1061,5.5,5.0,3500.0
1062,4.5,5.0,2000.0
1063,3.5,5.0,1385.0
1064,1.5,5.0,1114.0
1065,3.5,2.0,1650.0
1066,5.5,1.0,4820.0
1067,4.5,1.0,2230.0
1068,3.5,1.0,1875.0
1069,1.5,6.0,1200.0
1070,4.5,2.0,2390.0
1071,4.5,5.0,1195.0
1072,3.5,1.0,1695.0
1073,4.5,1.0,2150.0
1074,1.5,1.0,1655.0
1075,1.5,2.0,1820.0
1076,5.5,2.0,3200.0
1077,5.5,2.0,3450.0
1078,3.5,2.0,1605.0
1079,1.5,2.0,1275.0
1080,3.5,8.0,1495.0
1081,3.5,9.0,1295.0
1082,4.5,5.0,2150.0
1083,4.5,10.0,1700.0
1084,3.5,5.0,1570.0
1085,1.5,8.0,720.0
1086,5.5,9.0,1700.0
1087,7.5,4.0,2900.0
1088,1.5,9.0,740.0
1089,6.5,3.0,3500.0
1090,3.5,6.0,1350.0
1091,4.5,9.0,1550.0
1092,1.5,4.0,950.0
1093,4.5,7.0,2000.0
1094,5.5,10.0,1400.0
1095,4.5,1.0,2639.0
1096,3.5,1.0,1765.0
1097,1.5,1.0,1538.0
1098,3.5,3.0,1700.0
1099,5.5,2.0,3442.0
1100,3.5,2.0,1715.0
1101,4.5,2.0,2415.0
1102,1.5,2.0,1505.0
1103,5.5,1.0,5025.0
1104,3.5,1.0,1765.0
1105,4.5,1.0,2375.0
1106,5.5,5.0,3500.0
1107,4.5,5.0,2000.0
1108,3.5,5.0,1385.0
1109,1.5,5.0,1114.0
1110,3.5,2.0,1650.0
1111,5.5,1.0,4820.0
1112,4.5,1.0,2230.0
1113,3.5,1.0,1875.0
1114,1.5,6.0,1200.0
1115,4.5,2.0,2390.0
1116,4.5,5.0,1195.0
1117,3.5,1.0,1695.0
1118,4.5,1.0,2150.0
1119,1.5,1.0,1655.0
1120,1.5,2.0,1820.0
1121,5.5,2.0,3200.0
1122,5.5,2.0,3450.0
1123,3.5,2.0,1605.0
1124,1.5,2.0,1275.0
1125,1.5,9.0,995.0
1126,3.5,10.0,1495.0
1127,4.5,2.0,1845.0
1128,1.5,5.0,635.0
1129,4.5,2.0,3250.0
1130,1.5,8.0,720.0
1131,5.5,9.0,1700.0
1132,7.5,4.0,2900.0
1133,1.5,9.0,740.0
1134,6.5,3.0,3500.0
1135,3.5,6.0,1350.0
1136,4.5,9.0,1550.0
1137,1.5,4.0,950.0
1138,4.5,7.0,2000.0
1139,5.5,10.0,1400.0
1140,4.5,1.0,2639.0
1141,3.5,1.0,1765.0
1142,1.5,1.0,1538.0
1143,3.5,3.0,1700.0
1144,5.5,2.0,3442.0
1145,3.5,2.0,1715.0
1146,4.5,2.0,2415.0
1147,1.5,2.0,1505.0
1148,5.5,1.0,5025.0
1149,3.5,1.0,1765.0
1150,4.5,1.0,2375.0
1151,5.5,5.0,3500.0
1152,4.5,5.0,2000.0
1153,3.5,5.0,1385.0
1154,1.5,5.0,1114.0
1155,3.5,2.0,1650.0
1156,5.5,1.0,4820.0
1157,4.5,1.0,2230.0
1158,3.5,1.0,1875.0
1159,1.5,6.0,1200.0
1160,4.5,2.0,2390.0
1161,4.5,5.0,1195.0
1162,3.5,1.0,1695.0
1163,4.5,1.0,2150.0
1164,1.5,1.0,1655.0
1165,1.5,2.0,1820.0
1166,5.5,2.0,3200.0
1167,5.5,2.0,3450.0
1168,3.5,2.0,1605.0
1169,1.5,2.0,1275.0
1170,4.5,2.0,3250.0
1171,4.5,6.0,1400.0
1172,3.5,8.0,1614.0
1173,3.5,1.0,1350.0
1174,3.5,5.0,1570.0
1175,1.5,8.0,720.0
1176,5.5,9.0,1700.0
1177,7.5,4.0,2900.0
1178,1.5,9.0,740.0
1179,6.5,3.0,3500.0
1180,3.5,6.0,1350.0
1181,4.5,9.0,1550.0
1182,1.5,4.0,950.0
1183,4.5,7.0,2000.0
1184,5.5,10.0,1400.0
1185,4.5,1.0,2639.0
1186,3.5,1.0,1765.0
1187,1.5,1.0,1538.0
1188,3.5,3.0,1700.0
1189,5.5,2.0,3442.0
1190,3.5,2.0,1715.0
1191,4.5,2.0,2415.0
1192,1.5,2.0,1505.0
1193,5.5,1.0,5025.0
1194,3.5,1.0,1765.0
1195,4.5,1.0,2375.0
1196,5.5,5.0,3500.0
1197,4.5,5.0,2000.0
1198,3.5,5.0,1385.0
1199,1.5,5.0,1114.0
1200,3.5,2.0,1650.0
1201,5.5,1.0,4820.0
1202,4.5,1.0,2230.0
1203,3.5,1.0,1875.0
1204,1.5,6.0,1200.0
1205,4.5,2.0,2390.0
1206,4.5,5.0,1195.0
1207,3.5,1.0,1695.0
1208,4.5,1.0,2150.0
1209,1.5,1.0,1655.0
1210,1.5,2.0,1820.0
1211,5.5,2.0,3200.0
1212,5.5,2.0,3450.0
1213,3.5,2.0,1605.0
1214,1.5,2.0,1275.0
1215,4.5,1.0,1975.0
1216,4.5,1.0,1900.0
1217,3.5,1.0,1528.0
1218,5.5,6.0,3625.0
1219,3.5,1.0,1829.0
1220,1.5,8.0,720.0
1221,5.5,9.0,1700.0
1222,7.5,4.0,2900.0
1223,1.5,9.0,740.0
1224,6.5,3.0,3500.0
1225,3.5,6.0,1350.0
1226,4.5,9.0,1550.0
1227,1.5,4.0,950.0
1228,4.5,7.0,2000.0
1229,5.5,10.0,1400.0
1230,4.5,1.0,2639.0
1231,3.5,1.0,1765.0
1232,1.5,1.0,1538.0
1233,3.5,3.0,1700.0
1234,5.5,2.0,3442.0
1235,3.5,2.0,1715.0
1236,4.5,2.0,2415.0
1237,1.5,2.0,1505.0
1238,5.5,1.0,5025.0
1239,3.5,1.0,1765.0
1240,4.5,1.0,2375.0
1241,5.5,5.0,3500.0
1242,4.5,5.0,2000.0
1243,3.5,5.0,1385.0
1244,1.5,5.0,1114.0
1245,3.5,2.0,1650.0
1246,5.5,1.0,4820.0
1247,4.5,1.0,2230.0
1248,3.5,1.0,1875.0
1249,1.5,6.0,1200.0
1250,4.5,2.0,2390.0
1251,4.5,5.0,1195.0
1252,3.5,1.0,1695.0
1253,4.5,1.0,2150.0
1254,1.5,1.0,1655.0
1255,1.5,2.0,1820.0
1256,5.5,2.0,3200.0
1257,5.5,2.0,3450.0
1258,3.5,2.0,1605.0
1259,1.5,2.0,1275.0
1260,4.5,1.0,1975.0
1261,1.5,1.0,1510.0
1262,1.5,4.0,850.0
1263,3.5,9.0,1500.0
1264,3.5,7.0,1390.0
1265,1.5,8.0,720.0
1266,5.5,9.0,1700.0
1267,7.5,4.0,2900.0
1268,1.5,9.0,740.0
1269,6.5,3.0,3500.0
1270,3.5,6.0,1350.0
1271,4.5,9.0,1550.0
1272,1.5,4.0,950.0
1273,4.5,7.0,2000.0
1274,5.5,10.0,1400.0
1275,4.5,1.0,2639.0
1276,3.5,1.0,1765.0
1277,1.5,1.0,1538.0
1278,3.5,3.0,1700.0
1279,5.5,2.0,3442.0
1280,3.5,2.0,1715.0
1281,4.5,2.0,2415.0
1282,1.5,2.0,1505.0
1283,5.5,1.0,5025.0
1284,3.5,1.0,1765.0
1285,4.5,1.0,2375.0
1286,5.5,5.0,3500.0
1287,4.5,5.0,2000.0
1288,3.5,5.0,1385.0
1289,1.5,5.0,1114.0
1290,3.5,2.0,1650.0
1291,5.5,1.0,4820.0
1292,4.5,1.0,2230.0
1293,3.5,1.0,1875.0
1294,1.5,6.0,1200.0
1295,4.5,2.0,2390.0
1296,4.5,5.0,1195.0
1297,3.5,1.0,1695.0
1298,4.5,1.0,2150.0
1299,1.5,1.0,1655.0
1300,1.5,2.0,1820.0
1301,5.5,2.0,3200.0
1302,5.5,2.0,3450.0
1303,3.5,2.0,1605.0
1304,1.5,2.0,1275.0
1305,4.5,4.0,1500.0
1306,4.5,1.0,1975.0
1307,3.5,7.0,1390.0
1308,5.5,2.0,2100.0
1309,5.5,7.0,1490.0
1310,1.5,8.0,720.0
1311,5.5,9.0,1700.0
1312,7.5,4.0,2900.0
1313,1.5,9.0,740.0
1314,6.5,3.0,3500.0
1315,3.5,6.0,1350.0
1316,4.5,9.0,1550.0
1317,1.5,4.0,950.0
1318,4.5,7.0,2000.0
1319,5.5,10.0,1400.0
1320,4.5,1.0,2639.0
1321,3.5,1.0,1765.0
1322,1.5,1.0,1538.0
1323,3.5,3.0,1700.0
1324,5.5,2.0,3442.0
1325,3.5,2.0,1715.0
1326,4.5,2.0,2415.0
1327,1.5,2.0,1505.0
1328,5.5,1.0,5025.0
1329,3.5,1.0,1765.0
1330,4.5,1.0,2375.0
1331,5.5,5.0,3500.0
1332,4.5,5.0,2000.0
1333,3.5,5.0,1385.0
1334,1.5,5.0,1114.0
1335,3.5,2.0,1650.0
1336,5.5,1.0,4820.0
1337,4.5,1.0,2230.0
1338,3.5,1.0,1875.0
1339,1.5,6.0,1200.0
1340,4.5,2.0,2390.0
1341,4.5,5.0,1195.0
1342,3.5,1.0,1695.0
1343,4.5,1.0,2150.0
1344,1.5,1.0,1655.0
1345,1.5,2.0,1820.0
1346,5.5,2.0,3200.0
1347,5.5,2.0,3450.0
1348,3.5,2.0,1605.0
1349,1.5,2.0,1275.0
1350,1.5,2.0,850.0
1351,3.5,6.0,1470.0
1352,4.5,3.0,1795.0
1353,4.5,5.0,2150.0
1354,1.5,1.0,1135.0
1355,1.5,8.0,720.0
1356,5.5,9.0,1700.0
1357,7.5,4.0,2900.0
1358,1.5,9.0,740.0
1359,6.5,3.0,3500.0
1360,3.5,6.0,1350.0
1361,4.5,9.0,1550.0
1362,1.5,4.0,950.0
1363,4.5,7.0,2000.0
1364,5.5,10.0,1400.0
1365,4.5,1.0,2639.0
1366,3.5,1.0,1765.0
1367,1.5,1.0,1538.0
1368,3.5,3.0,1700.0
1369,5.5,2.0,3442.0
1370,3.5,2.0,1715.0
1371,4.5,2.0,2415.0
1372,1.5,2.0,1505.0
1373,5.5,1.0,5025.0
1374,3.5,1.0,1765.0
1375,4.5,1.0,2375.0
1376,5.5,5.0,3500.0
1377,4.5,5.0,2000.0
1378,3.5,5.0,1385.0
1379,1.5,5.0,1114.0
1380,3.5,2.0,1650.0
1381,5.5,1.0,4820.0
1382,4.5,1.0,2230.0
1383,3.5,1.0,1875.0
1384,1.5,6.0,1200.0
1385,4.5,2.0,2390.0
1386,4.5,5.0,1195.0
1387,3.5,1.0,1695.0
1388,4.5,1.0,2150.0
1389,1.5,1.0,1655.0
1390,1.5,2.0,1820.0
1391,5.5,2.0,3200.0
1392,5.5,2.0,3450.0
1393,3.5,2.0,1605.0
1394,1.5,2.0,1275.0
1395,4.5,8.0,1900.0
1396,5.5,2.0,3095.0
1397,6.5,1.0,3000.0
1398,4.5,9.0,2296.0
1399,3.5,2.0,1550.0
1400,1.5,8.0,720.0
1401,5.5,9.0,1700.0
1402,7.5,4.0,2900.0
1403,1.5,9.0,740.0
1404,6.5,3.0,3500.0
1405,3.5,6.0,1350.0
1406,4.5,9.0,1550.0
1407,1.5,4.0,950.0
1408,4.5,7.0,2000.0
1409,5.5,10.0,1400.0
1410,4.5,1.0,2639.0
1411,3.5,1.0,1765.0
1412,1.5,1.0,1538.0
1413,3.5,3.0,1700.0
1414,5.5,2.0,3442.0
1415,3.5,2.0,1715.0
1416,4.5,2.0,2415.0
1417,1.5,2.0,1505.0
1418,5.5,1.0,5025.0
1419,3.5,1.0,1765.0
1420,4.5,1.0,2375.0
1421,5.5,5.0,3500.0
1422,4.5,5.0,2000.0
1423,3.5,5.0,1385.0
1424,1.5,5.0,1114.0
1425,3.5,2.0,1650.0
1426,5.5,1.0,4820.0
1427,4.5,1.0,2230.0
1428,3.5,1.0,1875.0
1429,1.5,6.0,1200.0
1430,4.5,2.0,2390.0
1431,4.5,5.0,1195.0
1432,3.5,1.0,1695.0
1433,4.5,1.0,2150.0
1434,1.5,1.0,1655.0
1435,1.5,2.0,1820.0
1436,5.5,2.0,3200.0
1437,5.5,2.0,3450.0
1438,3.5,2.0,1605.0
1439,1.5,2.0,1275.0
1440,3.5,7.0,1390.0
1441,5.5,1.0,2650.0
1442,4.5,3.0,2195.0
1443,3.5,1.0,1528.0
1444,3.5,8.0,1614.0
1445,1.5,8.0,720.0
1446,5.5,9.0,1700.0
1447,7.5,4.0,2900.0
1448,1.5,9.0,740.0
1449,6.5,3.0,3500.0
1450,3.5,6.0,1350.0
1451,4.5,9.0,1550.0
1452,1.5,4.0,950.0
1453,4.5,7.0,2000.0
1454,5.5,10.0,1400.0
1455,4.5,1.0,2639.0
1456,3.5,1.0,1765.0
1457,1.5,1.0,1538.0
1458,3.5,3.0,1700.0
1459,5.5,2.0,3442.0
1460,3.5,2.0,1715.0
1461,4.5,2.0,2415.0
1462,1.5,2.0,1505.0
1463,5.5,1.0,5025.0
1464,3.5,1.0,1765.0
1465,4.5,1.0,2375.0
1466,5.5,5.0,3500.0
1467,4.5,5.0,2000.0
1468,3.5,5.0,1385.0
1469,1.5,5.0,1114.0
1470,3.5,2.0,1650.0
1471,5.5,1.0,4820.0
1472,4.5,1.0,2230.0
1473,3.5,1.0,1875.0
1474,1.5,6.0,1200.0
1475,4.5,2.0,2390.0
1476,4.5,5.0,1195.0
1477,3.5,1.0,1695.0
1478,4.5,1.0,2150.0
1479,1.5,1.0,1655.0
1480,1.5,2.0,1820.0
1481,5.5,2.0,3200.0
1482,5.5,2.0,3450.0
1483,3.5,2.0,1605.0
1484,1.5,2.0,1275.0
1485,3.5,2.0,1350.0
1486,3.5,5.0,1925.0
1487,5.5,8.0,2600.0
1488,4.5,5.0,2150.0
1489,6.5,1.0,5968.0
1490,1.5,8.0,720.0
1491,5.5,9.0,1700.0
1492,7.5,4.0,2900.0
1493,1.5,9.0,740.0
1494,6.5,3.0,3500.0
1495,3.5,6.0,1350.0
1496,4.5,9.0,1550.0
1497,1.5,4.0,950.0
1498,4.5,7.0,2000.0
1499,5.5,10.0,1400.0
1500,4.5,1.0,2639.0
1501,3.5,1.0,1765.0
1502,1.5,1.0,1538.0
1503,3.5,3.0,1700.0
1504,5.5,2.0,3442.0
1505,3.5,2.0,1715.0
1506,4.5,2.0,2415.0
1507,1.5,2.0,1505.0
1508,5.5,1.0,5025.0
1509,3.5,1.0,1765.0
1510,4.5,1.0,2375.0
1511,5.5,5.0,3500.0
1512,4.5,5.0,2000.0
1513,3.5,5.0,1385.0
1514,1.5,5.0,1114.0
1515,3.5,2.0,1650.0
1516,5.5,1.0,4820.0
1517,4.5,1.0,2230.0
1518,3.5,1.0,1875.0
1519,1.5,6.0,1200.0
1520,4.5,2.0,2390.0
1521,4.5,5.0,1195.0
1522,3.5,1.0,1695.0
1523,4.5,1.0,2150.0
1524,1.5,1.0,1655.0
1525,1.5,2.0,1820.0
1526,5.5,2.0,3200.0
1527,5.5,2.0,3450.0
1528,3.5,2.0,1605.0
1529,1.5,2.0,1275.0
1530,5.5,2.0,2100.0
1531,3.5,1.0,1829.0
1532,4.5,3.0,1795.0
1533,4.5,4.0,1350.0
1534,3.5,2.0,1499.0
1535,1.5,8.0,720.0
1536,5.5,9.0,1700.0
1537,7.5,4.0,2900.0
1538,1.5,9.0,740.0
1539,6.5,3.0,3500.0
1540,3.5,6.0,1350.0
1541,4.5,9.0,1550.0
1542,1.5,4.0,950.0
1543,4.5,7.0,2000.0
1544,5.5,10.0,1400.0
1545,4.5,1.0,2639.0
1546,3.5,1.0,1765.0
1547,1.5,1.0,1538.0
1548,3.5,3.0,1700.0
1549,5.5,2.0,3442.0
1550,3.5,2.0,1715.0
1551,4.5,2.0,2415.0
1552,1.5,2.0,1505.0
1553,5.5,1.0,5025.0
1554,3.5,1.0,1765.0
1555,4.5,1.0,2375.0
1556,5.5,5.0,3500.0
1557,4.5,5.0,2000.0
1558,3.5,5.0,1385.0
1559,1.5,5.0,1114.0
1560,3.5,2.0,1650.0
1561,5.5,1.0,4820.0
1562,4.5,1.0,2230.0
1563,3.5,1.0,1875.0
1564,1.5,6.0,1200.0
1565,4.5,2.0,2390.0
1566,4.5,5.0,1195.0
1567,3.5,1.0,1695.0
1568,4.5,1.0,2150.0
1569,1.5,1.0,1655.0
1570,1.5,2.0,1820.0
1571,5.5,2.0,3200.0
1572,5.5,2.0,3450.0
1573,3.5,2.0,1605.0
1574,1.5,2.0,1275.0
1575,4.5,6.0,3295.0
1576,3.5,5.0,1570.0
1577,3.5,8.0,1585.0
1578,4.5,5.0,2150.0
1579,3.5,5.0,1925.0
1580,1.5,8.0,720.0
1581,5.5,9.0,1700.0
1582,7.5,4.0,2900.0
1583,1.5,9.0,740.0
1584,6.5,3.0,3500.0
1585,3.5,6.0,1350.0
1586,4.5,9.0,1550.0
1587,1.5,4.0,950.0
1588,4.5,7.0,2000.0
1589,5.5,10.0,1400.0
1590,4.5,1.0,2639.0
1591,3.5,1.0,1765.0
1592,1.5,1.0,1538.0
1593,3.5,3.0,1700.0
1594,5.5,2.0,3442.0
1595,3.5,2.0,1715.0
1596,4.5,2.0,2415.0
1597,1.5,2.0,1505.0
1598,5.5,1.0,5025.0
1599,3.5,1.0,1765.0
1600,4.5,1.0,2375.0
1601,5.5,5.0,3500.0
1602,4.5,5.0,2000.0
1603,3.5,5.0,1385.0
1604,1.5,5.0,1114.0
1605,3.5,2.0,1650.0
1606,5.5,1.0,4820.0
1607,4.5,1.0,2230.0
1608,3.5,1.0,1875.0
1609,1.5,6.0,1200.0
1610,4.5,2.0,2390.0
1611,4.5,5.0,1195.0
1612,3.5,1.0,1695.0
1613,4.5,1.0,2150.0
1614,1.5,1.0,1655.0
1615,1.5,2.0,1820.0
1616,5.5,2.0,3200.0
1617,5.5,2.0,3450.0
1618,3.5,2.0,1605.0
1619,1.5,2.0,1275.0
1620,5.5,1.0,4820.0
1621,4.5,1.0,2230.0
1622,4.5,6.0,3295.0
1623,3.5,5.0,1925.0
1624,4.5,2.0,1850.0
1625,1.5,8.0,720.0
1626,5.5,9.0,1700.0
1627,7.5,4.0,2900.0
1628,1.5,9.0,740.0
1629,6.5,3.0,3500.0
1630,3.5,6.0,1350.0
1631,4.5,9.0,1550.0
1632,1.5,4.0,950.0
1633,4.5,7.0,2000.0
1634,5.5,10.0,1400.0
1635,4.5,1.0,2639.0
1636,3.5,1.0,1765.0
1637,1.5,1.0,1538.0
1638,3.5,3.0,1700.0
1639,5.5,2.0,3442.0
1640,3.5,2.0,1715.0
1641,4.5,2.0,2415.0
1642,1.5,2.0,1505.0
1643,5.5,1.0,5025.0
1644,3.5,1.0,1765.0
1645,4.5,1.0,2375.0
1646,5.5,5.0,3500.0
1647,4.5,5.0,2000.0
1648,3.5,5.0,1385.0
1649,1.5,5.0,1114.0
1650,3.5,2.0,1650.0
1651,5.5,1.0,4820.0
1652,4.5,1.0,2230.0
1653,3.5,1.0,1875.0
1654,1.5,6.0,1200.0
1655,4.5,2.0,2390.0
1656,4.5,5.0,1195.0
1657,3.5,1.0,1695.0
1658,4.5,1.0,2150.0
1659,1.5,1.0,1655.0
1660,1.5,2.0,1820.0
1661,5.5,2.0,3200.0
1662,5.5,2.0,3450.0
1663,3.5,2.0,1605.0
1664,1.5,2.0,1275.0
1665,4.5,3.0,2225.0
1666,5.5,2.0,2100.0
1667,3.5,8.0,1440.0
1668,6.5,1.0,5968.0
1669,5.5,7.0,1490.0
1670,1.5,8.0,720.0
1671,5.5,9.0,1700.0
1672,7.5,4.0,2900.0
1673,1.5,9.0,740.0
1674,6.5,3.0,3500.0
1675,3.5,6.0,1350.0
1676,4.5,9.0,1550.0
1677,1.5,4.0,950.0
1678,4.5,7.0,2000.0
1679,5.5,10.0,1400.0
1680,4.5,1.0,2639.0
1681,3.5,1.0,1765.0
1682,1.5,1.0,1538.0
1683,3.5,3.0,1700.0
1684,5.5,2.0,3442.0
1685,3.5,2.0,1715.0
1686,4.5,2.0,2415.0
1687,1.5,2.0,1505.0
1688,5.5,1.0,5025.0
1689,3.5,1.0,1765.0
1690,4.5,1.0,2375.0
1691,5.5,5.0,3500.0
1692,4.5,5.0,2000.0
1693,3.5,5.0,1385.0
1694,1.5,5.0,1114.0
1695,3.5,2.0,1650.0
1696,5.5,1.0,4820.0
1697,4.5,1.0,2230.0
1698,3.5,1.0,1875.0
1699,1.5,6.0,1200.0
1700,4.5,2.0,2390.0
1701,4.5,5.0,1195.0
1702,3.5,1.0,1695.0
1703,4.5,1.0,2150.0
1704,1.5,1.0,1655.0
1705,1.5,2.0,1820.0
1706,5.5,2.0,3200.0
1707,5.5,2.0,3450.0
1708,3.5,2.0,1605.0
1709,1.5,2.0,1275.0
1710,5.5,2.0,3095.0
1711,3.5,1.0,1528.0
1712,3.5,1.0,1500.0
1713,3.5,2.0,1740.0
1714,4.5,6.0,2475.0
1715,1.5,8.0,720.0
1716,5.5,9.0,1700.0
1717,7.5,4.0,2900.0
1718,1.5,9.0,740.0
1719,6.5,3.0,3500.0
1720,3.5,6.0,1350.0
1721,4.5,9.0,1550.0
1722,1.5,4.0,950.0
1723,4.5,7.0,2000.0
1724,5.5,10.0,1400.0
1725,4.5,1.0,2639.0
1726,3.5,1.0,1765.0
1727,1.5,1.0,1538.0
1728,3.5,3.0,1700.0
1729,5.5,2.0,3442.0
1730,3.5,2.0,1715.0
1731,4.5,2.0,2415.0
1732,1.5,2.0,1505.0
1733,5.5,1.0,5025.0
1734,3.5,1.0,1765.0
1735,4.5,1.0,2375.0
1736,5.5,5.0,3500.0
1737,4.5,5.0,2000.0
1738,3.5,5.0,1385.0
1739,1.5,5.0,1114.0
1740,3.5,2.0,1650.0
1741,5.5,1.0,4820.0
1742,4.5,1.0,2230.0
1743,3.5,1.0,1875.0
1744,1.5,6.0,1200.0
1745,4.5,2.0,2390.0
1746,4.5,5.0,1195.0
1747,3.5,1.0,1695.0
1748,4.5,1.0,2150.0
1749,1.5,1.0,1655.0
1750,1.5,2.0,1820.0
1751,5.5,2.0,3200.0
1752,5.5,2.0,3450.0
1753,3.5,2.0,1605.0
1754,1.5,2.0,1275.0
1755,4.5,1.0,2100.0
1756,6.5,1.0,3000.0
1757,4.5,9.0,1695.0
1758,4.5,1.0,2230.0
1760,1.5,8.0,720.0
1761,5.5,9.0,1700.0
1762,7.5,4.0,2900.0
1763,1.5,9.0,740.0
1764,6.5,3.0,3500.0
1765,3.5,6.0,1350.0
1766,4.5,9.0,1550.0
1767,1.5,4.0,950.0
1768,4.5,7.0,2000.0
1769,5.5,10.0,1400.0
1770,4.5,1.0,2639.0
1771,3.5,1.0,1765.0
1772,1.5,1.0,1538.0
1773,3.5,3.0,1700.0
1774,5.5,2.0,3442.0
1775,3.5,2.0,1715.0
1776,4.5,2.0,2415.0
1777,1.5,2.0,1505.0
1778,5.5,1.0,5025.0
1779,3.5,1.0,1765.0
1780,4.5,1.0,2375.0
1781,5.5,5.0,3500.0
1782,4.5,5.0,2000.0
1783,3.5,5.0,1385.0
1784,1.5,5.0,1114.0
1785,3.5,2.0,1650.0
1786,5.5,1.0,4820.0
1787,4.5,1.0,2230.0
1788,3.5,1.0,1875.0
1789,1.5,6.0,1200.0
1790,4.5,2.0,2390.0
1791,4.5,5.0,1195.0
1792,3.5,1.0,1695.0
1793,4.5,1.0,2150.0
1794,1.5,1.0,1655.0
1795,1.5,2.0,1820.0
1796,5.5,2.0,3200.0
1797,5.5,2.0,3450.0
1798,3.5,2.0,1605.0
1799,1.5,2.0,1275.0
1800,5.5,4.0,3450.0
1801,3.5,2.0,1850.0
1802,3.5,10.0,1495.0
1803,3.5,1.0,1675.0
1804,5.5,6.0,3600.0
1805,1.5,8.0,720.0
1806,5.5,9.0,1700.0
1807,7.5,4.0,2900.0
1808,1.5,9.0,740.0
1809,6.5,3.0,3500.0
1810,3.5,6.0,1350.0
1811,4.5,9.0,1550.0
1812,1.5,4.0,950.0
1813,4.5,7.0,2000.0
1814,5.5,10.0,1400.0
1815,4.5,1.0,2639.0
1816,3.5,1.0,1765.0
1817,1.5,1.0,1538.0
1818,3.5,3.0,1700.0
1819,5.5,2.0,3442.0
1820,3.5,2.0,1715.0
1821,4.5,2.0,2415.0
1822,1.5,2.0,1505.0
1823,5.5,1.0,5025.0
1824,3.5,1.0,1765.0
1825,4.5,1.0,2375.0
1826,5.5,5.0,3500.0
1827,4.5,5.0,2000.0
1828,3.5,5.0,1385.0
1829,1.5,5.0,1114.0
1830,3.5,2.0,1650.0
1831,5.5,1.0,4820.0
1832,4.5,1.0,2230.0
1833,3.5,1.0,1875.0
1834,1.5,6.0,1200.0
1835,4.5,2.0,2390.0
1836,4.5,5.0,1195.0
1837,3.5,1.0,1695.0
1838,4.5,1.0,2150.0
1839,1.5,1.0,1655.0
1840,1.5,2.0,1820.0
1841,5.5,2.0,3200.0
1842,5.5,2.0,3450.0
1843,3.5,2.0,1605.0
1844,1.5,2.0,1275.0
1845,3.5,1.0,1528.0
1846,1.5,1.0,1135.0
1847,4.5,7.0,1696.0
1848,1.5,1.0,1475.0
1849,4.5,3.0,1800.0
1850,1.5,8.0,720.0
1851,5.5,9.0,1700.0
1852,7.5,4.0,2900.0
1853,1.5,9.0,740.0
1854,6.5,3.0,3500.0
1855,3.5,6.0,1350.0
1856,4.5,9.0,1550.0
1857,1.5,4.0,950.0
1858,4.5,7.0,2000.0
1859,5.5,10.0,1400.0
1860,4.5,1.0,2639.0
1861,3.5,1.0,1765.0
1862,1.5,1.0,1538.0
1863,3.5,3.0,1700.0
1864,5.5,2.0,3442.0
1865,3.5,2.0,1715.0
1866,4.5,2.0,2415.0
1867,1.5,2.0,1505.0
1868,5.5,1.0,5025.0
1869,3.5,1.0,1765.0
1870,4.5,1.0,2375.0
1871,5.5,5.0,3500.0
1872,4.5,5.0,2000.0
1873,3.5,5.0,1385.0
1874,1.5,5.0,1114.0
1875,3.5,2.0,1650.0
1876,5.5,1.0,4820.0
1877,4.5,1.0,2230.0
1878,3.5,1.0,1875.0
1879,1.5,6.0,1200.0
1880,4.5,2.0,2390.0
1881,4.5,5.0,1195.0
1882,3.5,1.0,1695.0
1883,4.5,1.0,2150.0
1884,1.5,1.0,1655.0
1885,1.5,2.0,1820.0
1886,5.5,2.0,3200.0
1887,5.5,2.0,3450.0
1888,3.5,2.0,1605.0
1889,1.5,2.0,1275.0
1890,4.5,1.0,2150.0
1891,4.5,2.0,2225.0
1892,5.5,5.0,1925.0
1893,3.5,1.0,1875.0
1894,3.5,7.0,1390.0
1895,1.5,8.0,720.0
1896,5.5,9.0,1700.0
1897,7.5,4.0,2900.0
1898,1.5,9.0,740.0
1899,6.5,3.0,3500.0
1900,3.5,6.0,1350.0
1901,4.5,9.0,1550.0
1902,1.5,4.0,950.0
1903,4.5,7.0,2000.0
1904,5.5,10.0,1400.0
1905,4.5,1.0,2639.0
1906,3.5,1.0,1765.0
1907,1.5,1.0,1538.0
1908,3.5,3.0,1700.0
1909,5.5,2.0,3442.0
1910,3.5,2.0,1715.0
1911,4.5,2.0,2415.0
1912,1.5,2.0,1505.0
1913,5.5,1.0,5025.0
1914,3.5,1.0,1765.0
1915,4.5,1.0,2375.0
1916,5.5,5.0,3500.0
1917,4.5,5.0,2000.0
1918,3.5,5.0,1385.0
1919,1.5,5.0,1114.0
1920,3.5,2.0,1650.0
1921,5.5,1.0,4820.0
1922,4.5,1.0,2230.0
1923,3.5,1.0,1875.0
1924,1.5,6.0,1200.0
1925,4.5,2.0,2390.0
1926,4.5,5.0,1195.0
1927,3.5,1.0,1695.0
1928,4.5,1.0,2150.0
1929,1.5,1.0,1655.0
1930,1.5,2.0,1820.0
1931,5.5,2.0,3200.0
1932,5.5,2.0,3450.0
1933,3.5,2.0,1605.0
1934,1.5,2.0,1275.0
1935,3.5,3.0,1375.0
1936,4.5,5.0,1295.0
1937,3.5,3.0,1575.0
1938,3.5,2.0,1740.0
1939,4.5,3.0,1795.0
1940,1.5,8.0,720.0
1941,5.5,9.0,1700.0
1942,7.5,4.0,2900.0
1943,1.5,9.0,740.0
1944,6.5,3.0,3500.0
1945,3.5,6.0,1350.0
1946,4.5,9.0,1550.0
1947,1.5,4.0,950.0
1948,4.5,7.0,2000.0
1949,5.5,10.0,1400.0
1950,4.5,1.0,2639.0
1951,3.5,1.0,1765.0
1952,1.5,1.0,1538.0
1953,3.5,3.0,1700.0
1954,5.5,2.0,3442.0
1955,3.5,2.0,1715.0
1956,4.5,2.0,2415.0
1957,1.5,2.0,1505.0
1958,5.5,1.0,5025.0
1959,3.5,1.0,1765.0
1960,4.5,1.0,2375.0
1961,5.5,5.0,3500.0
1962,4.5,5.0,2000.0
1963,3.5,5.0,1385.0
1964,1.5,5.0,1114.0
1965,3.5,2.0,1650.0
1966,5.5,1.0,4820.0
1967,4.5,1.0,2230.0
1968,3.5,1.0,1875.0
1969,1.5,6.0,1200.0
1970,4.5,2.0,2390.0
1971,4.5,5.0,1195.0
1972,3.5,1.0,1695.0
1973,4.5,1.0,2150.0
1974,1.5,1.0,1655.0
1975,1.5,2.0,1820.0
1976,5.5,2.0,3200.0
1977,5.5,2.0,3450.0
1978,3.5,2.0,1605.0
1979,1.5,2.0,1275.0
1980,3.5,8.0,1614.0
1981,4.5,5.0,2150.0
1982,6.5,1.0,5968.0
1983,4.5,1.0,3200.0
1984,3.5,6.0,1470.0
1985,1.5,8.0,720.0
1986,5.5,9.0,1700.0
1987,7.5,4.0,2900.0
1988,1.5,9.0,740.0
1989,6.5,3.0,3500.0
1990,3.5,6.0,1350.0
1991,4.5,9.0,1550.0
1992,1.5,4.0,950.0
1993,4.5,7.0,2000.0
1994,5.5,10.0,1400.0
1995,4.5,1.0,2639.0
1996,3.5,1.0,1765.0
1997,1.5,1.0,1538.0
1998,3.5,3.0,1700.0
1999,5.5,2.0,3442.0
2000,3.5,2.0,1715.0
2001,4.5,2.0,2415.0
2002,1.5,2.0,1505.0
2003,5.5,1.0,5025.0
2004,3.5,1.0,1765.0
2005,4.5,1.0,2375.0
2006,5.5,5.0,3500.0
2007,4.5,5.0,2000.0
2008,3.5,5.0,1385.0
2009,1.5,5.0,1114.0
2010,3.5,2.0,1650.0
2011,5.5,1.0,4820.0
2012,4.5,1.0,2230.0
2013,3.5,1.0,1875.0
2014,1.5,6.0,1200.0
2015,4.5,2.0,2390.0
2016,4.5,5.0,1195.0
2017,3.5,1.0,1695.0
2018,4.5,1.0,2150.0
2019,1.5,1.0,1655.0
2020,1.5,2.0,1820.0
2021,5.5,2.0,3200.0
2022,5.5,2.0,3450.0
2023,3.5,2.0,1605.0
2024,1.5,2.0,1275.0
2025,4.5,2.0,3250.0
2026,3.5,2.0,1550.0
2027,4.5,7.0,2225.0
2028,5.5,5.0,1925.0
2029,4.5,7.0,2225.0
2030,4.5,5.0,2400.0
2031,1.5,8.0,720.0
2032,5.5,9.0,1700.0
2033,7.5,4.0,2900.0
2034,1.5,9.0,740.0
2035,6.5,3.0,3500.0
2036,3.5,6.0,1350.0
2037,4.5,9.0,1550.0
2038,1.5,4.0,950.0
2039,4.5,7.0,2000.0
2040,5.5,10.0,1400.0
2041,4.5,1.0,2639.0
2042,3.5,1.0,1765.0
2043,1.5,1.0,1538.0
2044,3.5,3.0,1700.0
2045,5.5,2.0,3442.0
2046,3.5,2.0,1715.0
2047,4.5,2.0,2415.0
2048,1.5,2.0,1505.0
2049,5.5,1.0,5025.0
2050,3.5,1.0,1765.0
2051,4.5,1.0,2375.0
2052,5.5,5.0,3500.0
2053,4.5,5.0,2000.0
2054,3.5,5.0,1385.0
2055,1.5,5.0,1114.0
2056,3.5,2.0,1650.0
2057,5.5,1.0,4820.0
2058,4.5,1.0,2230.0
2059,3.5,1.0,1875.0
2060,1.5,6.0,1200.0
2061,4.5,2.0,2390.0
2062,4.5,5.0,1195.0
2063,3.5,1.0,1695.0
2064,4.5,1.0,2150.0
2065,1.5,1.0,1655.0
2066,1.5,2.0,1820.0
2067,5.5,2.0,3200.0
2068,5.5,2.0,3450.0
2069,3.5,2.0,1605.0
2070,3.5,1.0,1829.0
2071,3.5,3.0,1395.0
2072,4.5,2.0,2250.0
2073,4.5,8.0,1960.0
2074,3.5,8.0,1614.0
2075,1.5,8.0,720.0
2076,5.5,9.0,1700.0
2077,7.5,4.0,2900.0
2078,1.5,9.0,740.0
2079,6.5,3.0,3500.0
2080,3.5,6.0,1350.0
2081,4.5,9.0,1550.0
2082,1.5,4.0,950.0
2083,4.5,7.0,2000.0
2084,5.5,10.0,1400.0
2085,4.5,1.0,2639.0
2086,3.5,1.0,1765.0
2087,1.5,1.0,1538.0
2088,3.5,3.0,1700.0
2089,5.5,2.0,3442.0
2090,3.5,2.0,1715.0
2091,4.5,2.0,2415.0
2092,1.5,2.0,1505.0
2093,5.5,1.0,5025.0
2094,3.5,1.0,1765.0
2095,4.5,1.0,2375.0
2096,5.5,5.0,3500.0
2097,4.5,5.0,2000.0
2098,3.5,5.0,1385.0
2099,1.5,5.0,1114.0
2100,3.5,2.0,1650.0
2101,5.5,1.0,4820.0
2102,4.5,1.0,2230.0
2103,3.5,1.0,1875.0
2104,1.5,6.0,1200.0
2105,4.5,2.0,2390.0
2106,4.5,5.0,1195.0
2107,3.5,1.0,1695.0
2108,4.5,1.0,2150.0
2109,1.5,1.0,1655.0
2110,1.5,2.0,1820.0
2111,5.5,2.0,3200.0
2112,5.5,2.0,3450.0
2113,3.5,2.0,1605.0
2114,1.5,2.0,1275.0
2115,1.5,4.0,1525.0
2116,3.5,1.0,1350.0
2118,1.5,2.0,1125.0
2119,3.5,8.0,1585.0
2120,4.5,5.0,2400.0
2121,1.5,8.0,720.0
2122,5.5,9.0,1700.0
2123,7.5,4.0,2900.0
2124,1.5,9.0,740.0
2125,6.5,3.0,3500.0
2126,3.5,6.0,1350.0
2127,4.5,9.0,1550.0
2128,1.5,4.0,950.0
2129,4.5,7.0,2000.0
2130,5.5,10.0,1400.0
2131,4.5,1.0,2639.0
2132,3.5,1.0,1765.0
2133,1.5,1.0,1538.0
2134,3.5,3.0,1700.0
2135,5.5,2.0,3442.0
2136,3.5,2.0,1715.0
2137,4.5,2.0,2415.0
2138,1.5,2.0,1505.0
2139,5.5,1.0,5025.0
2140,3.5,1.0,1765.0
2141,4.5,1.0,2375.0
2142,5.5,5.0,3500.0
2143,4.5,5.0,2000.0
2144,3.5,5.0,1385.0
2145,1.5,5.0,1114.0
2146,3.5,2.0,1650.0
2147,5.5,1.0,4820.0
2148,4.5,1.0,2230.0
2149,3.5,1.0,1875.0
2150,1.5,6.0,1200.0
2151,4.5,2.0,2390.0
2152,4.5,5.0,1195.0
2153,3.5,1.0,1695.0
2154,4.5,1.0,2150.0
2155,1.5,1.0,1655.0
2156,1.5,2.0,1820.0
2157,5.5,2.0,3200.0
2158,5.5,2.0,3450.0
2159,3.5,2.0,1605.0
2160,4.5,7.0,2225.0
2161,6.5,1.0,3000.0
2162,5.5,2.0,3095.0
2163,4.5,4.0,2600.0
2164,1.5,1.0,1475.0
2165,4.5,5.0,2400.0
2166,1.5,8.0,720.0
2167,5.5,9.0,1700.0
2168,7.5,4.0,2900.0
2169,1.5,9.0,740.0
2170,6.5,3.0,3500.0
2171,3.5,6.0,1350.0
2172,4.5,9.0,1550.0
2173,1.5,4.0,950.0
2174,4.5,7.0,2000.0
2175,5.5,10.0,1400.0
2176,4.5,1.0,2639.0
2177,3.5,1.0,1765.0
2178,1.5,1.0,1538.0
2179,3.5,3.0,1700.0
2180,5.5,2.0,3442.0
2181,3.5,2.0,1715.0
2182,4.5,2.0,2415.0
2183,1.5,2.0,1505.0
2184,5.5,1.0,5025.0
2185,3.5,1.0,1765.0
2186,4.5,1.0,2375.0
2187,5.5,5.0,3500.0
2188,4.5,5.0,2000.0
2189,3.5,5.0,1385.0
2190,1.5,5.0,1114.0
2191,3.5,2.0,1650.0
2192,5.5,1.0,4820.0
2193,4.5,1.0,2230.0
2194,3.5,1.0,1875.0
2195,1.5,6.0,1200.0
2196,4.5,2.0,2390.0
2197,4.5,5.0,1195.0
2198,3.5,1.0,1695.0
2199,4.5,1.0,2150.0
2200,1.5,1.0,1655.0
2201,1.5,2.0,1820.0
2202,5.5,2.0,3200.0
2203,5.5,2.0,3450.0
2204,3.5,2.0,1605.0
2205,3.5,3.0,1710.0
2206,3.5,8.0,1585.0
2207,4.5,2.0,1850.0
2208,3.5,9.0,1500.0
2209,4.5,10.0,1700.0
2210,4.5,5.0,2400.0
2211,1.5,8.0,720.0
2212,5.5,9.0,1700.0
2213,7.5,4.0,2900.0
2214,1.5,9.0,740.0
2215,6.5,3.0,3500.0
2216,3.5,6.0,1350.0
2217,4.5,9.0,1550.0
2218,1.5,4.0,950.0
2219,4.5,7.0,2000.0
2220,5.5,10.0,1400.0
2221,4.5,1.0,2639.0
2222,3.5,1.0,1765.0
2223,1.5,1.0,1538.0
2224,3.5,3.0,1700.0
2225,5.5,2.0,3442.0
2226,3.5,2.0,1715.0
2227,4.5,2.0,2415.0
2228,1.5,2.0,1505.0
2229,5.5,1.0,5025.0
2230,3.5,1.0,1765.0
2231,4.5,1.0,2375.0
2232,5.5,5.0,3500.0
2233,4.5,5.0,2000.0
2234,3.5,5.0,1385.0
2235,1.5,5.0,1114.0
2236,3.5,2.0,1650.0
2237,5.5,1.0,4820.0
2238,4.5,1.0,2230.0
2239,3.5,1.0,1875.0
2240,1.5,6.0,1200.0
2241,4.5,2.0,2390.0
2242,4.5,5.0,1195.0
2243,3.5,1.0,1695.0
2244,4.5,1.0,2150.0
2245,1.5,1.0,1655.0
2246,1.5,2.0,1820.0
2247,5.5,2.0,3200.0
2248,5.5,2.0,3450.0
2249,3.5,2.0,1605.0
2250,4.5,9.0,1895.0
2251,1.5,4.0,850.0
2252,3.5,7.0,1575.0
2253,3.5,9.0,1500.0
2254,1.5,5.0,635.0
2255,4.5,5.0,2400.0
2256,1.5,8.0,720.0
2257,5.5,9.0,1700.0
2258,7.5,4.0,2900.0
2259,1.5,9.0,740.0
2260,6.5,3.0,3500.0
2261,3.5,6.0,1350.0
2262,4.5,9.0,1550.0
2263,1.5,4.0,950.0
2264,4.5,7.0,2000.0
2265,5.5,10.0,1400.0
2266,4.5,1.0,2639.0
2267,3.5,1.0,1765.0
2268,1.5,1.0,1538.0
2269,3.5,3.0,1700.0
2270,5.5,2.0,3442.0
2271,3.5,2.0,1715.0
2272,4.5,2.0,2415.0
2273,1.5,2.0,1505.0
2274,5.5,1.0,5025.0
2275,3.5,1.0,1765.0
2276,4.5,1.0,2375.0
2277,5.5,5.0,3500.0
2278,4.5,5.0,2000.0
2279,3.5,5.0,1385.0
2280,1.5,5.0,1114.0
2281,3.5,2.0,1650.0
2282,5.5,1.0,4820.0
2283,4.5,1.0,2230.0
2284,3.5,1.0,1875.0
2285,1.5,6.0,1200.0
2286,4.5,2.0,2390.0
2287,4.5,5.0,1195.0
2288,3.5,1.0,1695.0
2289,4.5,1.0,2150.0
2290,1.5,1.0,1655.0
2291,1.5,2.0,1820.0
2292,5.5,2.0,3200.0
2293,5.5,2.0,3450.0
2294,3.5,2.0,1605.0
2295,4.5,4.0,2300.0
2296,4.5,2.0,3250.0
2297,6.5,1.0,5968.0
2298,3.5,10.0,1495.0
2299,1.5,1.0,1195.0
2300,4.5,5.0,2400.0
2301,1.5,8.0,720.0
2302,5.5,9.0,1700.0
2303,7.5,4.0,2900.0
2304,1.5,9.0,740.0
2305,6.5,3.0,3500.0
2306,3.5,6.0,1350.0
2307,4.5,9.0,1550.0
2308,1.5,4.0,950.0
2309,4.5,7.0,2000.0
2310,5.5,10.0,1400.0
2311,4.5,1.0,2639.0
2312,3.5,1.0,1765.0
2313,1.5,1.0,1538.0
2314,3.5,3.0,1700.0
2315,5.5,2.0,3442.0
2316,3.5,2.0,1715.0
2317,4.5,2.0,2415.0
2318,1.5,2.0,1505.0
2319,5.5,1.0,5025.0
2320,3.5,1.0,1765.0
2321,4.5,1.0,2375.0
2322,5.5,5.0,3500.0
2323,4.5,5.0,2000.0
2324,3.5,5.0,1385.0
2325,1.5,5.0,1114.0
2326,3.5,2.0,1650.0
2327,5.5,1.0,4820.0
2328,4.5,1.0,2230.0
2329,3.5,1.0,1875.0
2330,1.5,6.0,1200.0
2331,4.5,2.0,2390.0
2332,4.5,5.0,1195.0
2333,3.5,1.0,1695.0
2334,4.5,1.0,2150.0
2335,1.5,1.0,1655.0
2336,1.5,2.0,1820.0
2337,5.5,2.0,3200.0
2338,5.5,2.0,3450.0
2339,3.5,2.0,1605.0
2340,1.5,1.0,1135.0
2341,1.5,9.0,995.0
2342,3.5,2.0,1600.0
2343,4.5,5.0,2565.0
2344,3.5,8.0,1585.0
2345,4.5,5.0,2400.0
2346,1.5,8.0,720.0
2347,5.5,9.0,1700.0
2348,7.5,4.0,2900.0
2349,1.5,9.0,740.0
2350,6.5,3.0,3500.0
2351,3.5,6.0,1350.0
2352,4.5,9.0,1550.0
2353,1.5,4.0,950.0
2354,4.5,7.0,2000.0
2355,5.5,10.0,1400.0
2356,4.5,1.0,2639.0
2357,3.5,1.0,1765.0
2358,1.5,1.0,1538.0
2359,3.5,3.0,1700.0
2360,5.5,2.0,3442.0
2361,3.5,2.0,1715.0
2362,4.5,2.0,2415.0
2363,1.5,2.0,1505.0
2364,5.5,1.0,5025.0
2365,3.5,1.0,1765.0
2366,4.5,1.0,2375.0
2367,5.5,5.0,3500.0
2368,4.5,5.0,2000.0
2369,3.5,5.0,1385.0
2370,1.5,5.0,1114.0
2371,3.5,2.0,1650.0
2372,5.5,1.0,4820.0
2373,4.5,1.0,2230.0
2374,3.5,1.0,1875.0
2375,1.5,6.0,1200.0
2376,4.5,2.0,2390.0
2377,4.5,5.0,1195.0
2378,3.5,1.0,1695.0
2379,4.5,1.0,2150.0
2380,1.5,1.0,1655.0
2381,1.5,2.0,1820.0
2382,5.5,2.0,3200.0
2383,5.5,2.0,3450.0
2384,3.5,2.0,1605.0
2385,1.5,2.0,850.0
2386,6.5,1.0,5968.0
2387,5.5,4.0,3450.0
2389,4.5,3.0,2225.0
2390,3.5,5.0,1100.0
2391,4.5,5.0,2400.0
2392,1.5,8.0,720.0
2393,5.5,9.0,1700.0
2394,7.5,4.0,2900.0
2395,1.5,9.0,740.0
2396,6.5,3.0,3500.0
2397,3.5,6.0,1350.0
2398,4.5,9.0,1550.0
2399,1.5,4.0,950.0
2400,4.5,7.0,2000.0
2401,5.5,10.0,1400.0
2402,4.5,1.0,2639.0
2403,3.5,1.0,1765.0
2404,1.5,1.0,1538.0
2405,3.5,3.0,1700.0
2406,5.5,2.0,3442.0
2407,3.5,2.0,1715.0
2408,4.5,2.0,2415.0
2409,1.5,2.0,1505.0
2410,5.5,1.0,5025.0
2411,3.5,1.0,1765.0
2412,4.5,1.0,2375.0
2413,5.5,5.0,3500.0
2414,4.5,5.0,2000.0
2415,3.5,5.0,1385.0
2416,1.5,5.0,1114.0
2417,3.5,2.0,1650.0
2418,5.5,1.0,4820.0
2419,4.5,1.0,2230.0
2420,3.5,1.0,1875.0
2421,1.5,6.0,1200.0
2422,4.5,2.0,2390.0
2423,4.5,5.0,1195.0
2424,3.5,1.0,1695.0
2425,4.5,1.0,2150.0
2426,1.5,1.0,1655.0
2427,1.5,2.0,1820.0
2428,5.5,2.0,3200.0
2429,5.5,2.0,3450.0
2430,1.5,2.0,1365.0
2431,4.5,2.0,1850.0
2432,3.5,2.0,1550.0
2433,1.5,2.0,1425.0
2434,4.5,7.0,2225.0
2435,3.5,5.0,1100.0
2436,4.5,5.0,2400.0
2437,1.5,8.0,720.0
2438,5.5,9.0,1700.0
2439,7.5,4.0,2900.0
2440,1.5,9.0,740.0
2441,6.5,3.0,3500.0
2442,3.5,6.0,1350.0
2443,4.5,9.0,1550.0
2444,1.5,4.0,950.0
2445,4.5,7.0,2000.0
2446,5.5,10.0,1400.0
2447,4.5,1.0,2639.0
2448,3.5,1.0,1765.0
2449,1.5,1.0,1538.0
2450,3.5,3.0,1700.0
2451,5.5,2.0,3442.0
2452,3.5,2.0,1715.0
2453,4.5,2.0,2415.0
2454,1.5,2.0,1505.0
2455,5.5,1.0,5025.0
2456,3.5,1.0,1765.0
2457,4.5,1.0,2375.0
2458,5.5,5.0,3500.0
2459,4.5,5.0,2000.0
2460,3.5,5.0,1385.0
2461,1.5,5.0,1114.0
2462,3.5,2.0,1650.0
2463,5.5,1.0,4820.0
2464,4.5,1.0,2230.0
2465,3.5,1.0,1875.0
2466,1.5,6.0,1200.0
2467,4.5,2.0,2390.0
2468,4.5,5.0,1195.0
2469,3.5,1.0,1695.0
2470,4.5,1.0,2150.0
2471,1.5,1.0,1655.0
2472,1.5,2.0,1820.0
2473,5.5,2.0,3200.0
2474,5.5,2.0,3450.0
2475,5.5,2.0,2100.0
2476,3.5,3.0,1710.0
2477,4.5,1.0,2350.0
2478,1.5,5.0,635.0
2479,4.5,6.0,3295.0
2480,3.5,5.0,1100.0
2481,4.5,5.0,2400.0
2482,1.5,8.0,720.0
2483,5.5,9.0,1700.0
2484,7.5,4.0,2900.0
2485,1.5,9.0,740.0
2486,6.5,3.0,3500.0
2487,3.5,6.0,1350.0
2488,4.5,9.0,1550.0
2489,1.5,4.0,950.0
2490,4.5,7.0,2000.0
2491,5.5,10.0,1400.0
2492,4.5,1.0,2639.0
2493,3.5,1.0,1765.0
2494,1.5,1.0,1538.0
2495,3.5,3.0,1700.0
2496,5.5,2.0,3442.0
2497,3.5,2.0,1715.0
2498,4.5,2.0,2415.0
2499,1.5,2.0,1505.0
2500,5.5,1.0,5025.0
2501,3.5,1.0,1765.0
2502,4.5,1.0,2375.0
2503,5.5,5.0,3500.0
2504,4.5,5.0,2000.0
2505,3.5,5.0,1385.0
2506,1.5,5.0,1114.0
2507,3.5,2.0,1650.0
2508,5.5,1.0,4820.0
2509,4.5,1.0,2230.0
2510,3.5,1.0,1875.0
2511,1.5,6.0,1200.0
2512,4.5,2.0,2390.0
2513,4.5,5.0,1195.0
2514,3.5,1.0,1695.0
2515,4.5,1.0,2150.0
2516,1.5,1.0,1655.0
2517,1.5,2.0,1820.0
2518,5.5,2.0,3200.0
2519,5.5,2.0,3450.0
2520,4.5,6.0,1400.0
2521,4.5,2.0,1750.0
2522,4.5,7.0,1696.0
2523,3.5,2.0,1850.0
2524,3.5,1.0,1675.0
2525,3.5,5.0,1100.0
2526,4.5,5.0,2400.0
2527,1.5,8.0,720.0
2528,5.5,9.0,1700.0
2529,7.5,4.0,2900.0
2530,1.5,9.0,740.0
2531,6.5,3.0,3500.0
2532,3.5,6.0,1350.0
2533,4.5,9.0,1550.0
2534,1.5,4.0,950.0
2535,4.5,7.0,2000.0
2536,5.5,10.0,1400.0
2537,4.5,1.0,2639.0
2538,3.5,1.0,1765.0
2539,1.5,1.0,1538.0
2540,3.5,3.0,1700.0
2541,5.5,2.0,3442.0
2542,3.5,2.0,1715.0
2543,4.5,2.0,2415.0
2544,1.5,2.0,1505.0
2545,5.5,1.0,5025.0
2546,3.5,1.0,1765.0
2547,4.5,1.0,2375.0
2548,5.5,5.0,3500.0
2549,4.5,5.0,2000.0
2550,3.5,5.0,1385.0
2551,1.5,5.0,1114.0
2552,3.5,2.0,1650.0
2553,5.5,1.0,4820.0
2554,4.5,1.0,2230.0
2555,3.5,1.0,1875.0
2556,1.5,6.0,1200.0
2557,4.5,2.0,2390.0
2558,4.5,5.0,1195.0
2559,3.5,1.0,1695.0
2560,4.5,1.0,2150.0
2561,1.5,1.0,1655.0
2562,1.5,2.0,1820.0
2563,5.5,2.0,3200.0
2564,5.5,2.0,3450.0
2565,4.5,3.0,2195.0
2566,4.5,6.0,1400.0
2567,6.5,1.0,5968.0
2568,3.5,8.0,1440.0
2569,3.5,4.0,2250.0
2570,3.5,5.0,1100.0
2571,4.5,5.0,2400.0
2572,1.5,8.0,720.0
2573,5.5,9.0,1700.0
2574,7.5,4.0,2900.0
2575,1.5,9.0,740.0
2576,6.5,3.0,3500.0
2577,3.5,6.0,1350.0
2578,4.5,9.0,1550.0
2579,1.5,4.0,950.0
2580,4.5,7.0,2000.0
2581,5.5,10.0,1400.0
2582,4.5,1.0,2639.0
2583,3.5,1.0,1765.0
2584,1.5,1.0,1538.0
2585,3.5,3.0,1700.0
2586,5.5,2.0,3442.0
2587,3.5,2.0,1715.0
2588,4.5,2.0,2415.0
2589,1.5,2.0,1505.0
2590,5.5,1.0,5025.0
2591,3.5,1.0,1765.0
2592,4.5,1.0,2375.0
2593,5.5,5.0,3500.0
2594,4.5,5.0,2000.0
2595,3.5,5.0,1385.0
2596,1.5,5.0,1114.0
2597,3.5,2.0,1650.0
2598,5.5,1.0,4820.0
2599,4.5,1.0,2230.0
2600,3.5,1.0,1875.0
2601,1.5,6.0,1200.0
2602,4.5,2.0,2390.0
2603,4.5,5.0,1195.0
2604,3.5,1.0,1695.0
2605,4.5,1.0,2150.0
2606,1.5,1.0,1655.0
2607,1.5,2.0,1820.0
2608,5.5,2.0,3200.0
2609,5.5,2.0,3450.0
2610,4.5,2.0,2295.0
2611,3.5,2.0,1350.0
2612,3.5,1.0,1528.0
2613,3.5,5.0,1570.0
2614,4.5,8.0,1960.0
2615,3.5,5.0,1100.0
2616,4.5,5.0,2400.0
2617,1.5,8.0,720.0
2618,5.5,9.0,1700.0
2619,7.5,4.0,2900.0
2620,1.5,9.0,740.0
2621,6.5,3.0,3500.0
2622,3.5,6.0,1350.0
2623,4.5,9.0,1550.0
2624,1.5,4.0,950.0
2625,4.5,7.0,2000.0
2626,5.5,10.0,1400.0
2627,4.5,1.0,2639.0
2628,3.5,1.0,1765.0
2629,1.5,1.0,1538.0
2630,3.5,3.0,1700.0
2631,5.5,2.0,3442.0
2632,3.5,2.0,1715.0
2633,4.5,2.0,2415.0
2634,1.5,2.0,1505.0
2635,5.5,1.0,5025.0
2636,3.5,1.0,1765.0
2637,4.5,1.0,2375.0
2638,5.5,5.0,3500.0
2639,4.5,5.0,2000.0
2640,3.5,5.0,1385.0
2641,1.5,5.0,1114.0
2642,3.5,2.0,1650.0
2643,5.5,1.0,4820.0
2644,4.5,1.0,2230.0
2645,3.5,1.0,1875.0
2646,1.5,6.0,1200.0
2647,4.5,2.0,2390.0
2648,4.5,5.0,1195.0
2649,3.5,1.0,1695.0
2650,4.5,1.0,2150.0
2651,1.5,1.0,1655.0
2652,1.5,2.0,1820.0
2653,5.5,2.0,3200.0
2654,5.5,2.0,3450.0
2655,3.5,2.0,1499.0
2656,1.5,2.0,1590.0
2657,3.5,4.0,2250.0
2658,3.5,5.0,1925.0
2659,3.5,7.0,1390.0
2660,3.5,5.0,1100.0
2661,4.5,5.0,2400.0
2662,1.5,8.0,720.0
2663,5.5,9.0,1700.0
2664,7.5,4.0,2900.0
2665,1.5,9.0,740.0
2666,6.5,3.0,3500.0
2667,3.5,6.0,1350.0
2668,4.5,9.0,1550.0
2669,1.5,4.0,950.0
2670,4.5,7.0,2000.0
2671,5.5,10.0,1400.0
2672,4.5,1.0,2639.0
2673,3.5,1.0,1765.0
2674,1.5,1.0,1538.0
2675,3.5,3.0,1700.0
2676,5.5,2.0,3442.0
2677,3.5,2.0,1715.0
2678,4.5,2.0,2415.0
2679,1.5,2.0,1505.0
2680,5.5,1.0,5025.0
2681,3.5,1.0,1765.0
2682,4.5,1.0,2375.0
2683,5.5,5.0,3500.0
2684,4.5,5.0,2000.0
2685,3.5,5.0,1385.0
2686,1.5,5.0,1114.0
2687,3.5,2.0,1650.0
2688,5.5,1.0,4820.0
2689,4.5,1.0,2230.0
2690,3.5,1.0,1875.0
2691,1.5,6.0,1200.0
2692,4.5,2.0,2390.0
2693,4.5,5.0,1195.0
2694,3.5,1.0,1695.0
2695,4.5,1.0,2150.0
2696,1.5,1.0,1655.0
2697,1.5,2.0,1820.0
2698,5.5,2.0,3200.0
2699,5.5,2.0,3450.0
2700,4.5,7.0,1696.0
2701,1.5,1.0,1510.0
2702,1.5,2.0,1365.0
2703,4.5,2.0,2015.0
2704,3.5,8.0,1550.0
2705,3.5,5.0,1100.0
2706,4.5,5.0,2400.0
2707,1.5,8.0,720.0
2708,5.5,9.0,1700.0
2709,7.5,4.0,2900.0
2710,1.5,9.0,740.0
2711,6.5,3.0,3500.0
2712,3.5,6.0,1350.0
2713,4.5,9.0,1550.0
2714,1.5,4.0,950.0
2715,4.5,7.0,2000.0
2716,5.5,10.0,1400.0
2717,4.5,1.0,2639.0
2718,3.5,1.0,1765.0
2719,1.5,1.0,1538.0
2720,3.5,3.0,1700.0
2721,5.5,2.0,3442.0
2722,3.5,2.0,1715.0
2723,4.5,2.0,2415.0
2724,1.5,2.0,1505.0
2725,5.5,1.0,5025.0
2726,3.5,1.0,1765.0
2727,4.5,1.0,2375.0
2728,5.5,5.0,3500.0
2729,4.5,5.0,2000.0
2730,3.5,5.0,1385.0
2731,1.5,5.0,1114.0
2732,3.5,2.0,1650.0
2733,5.5,1.0,4820.0
2734,4.5,1.0,2230.0
2735,3.5,1.0,1875.0
2736,1.5,6.0,1200.0
2737,4.5,2.0,2390.0
2738,4.5,5.0,1195.0
2739,3.5,1.0,1695.0
2740,4.5,1.0,2150.0
2741,1.5,1.0,1655.0
2742,1.5,2.0,1820.0
2743,5.5,2.0,3200.0
2744,5.5,2.0,3450.0
2745,4.5,2.0,2295.0
2746,5.5,4.0,3450.0
2747,3.5,2.0,1350.0
2748,3.5,7.0,1390.0
2749,1.5,9.0,995.0
2750,3.5,5.0,1100.0
2751,4.5,5.0,2400.0
2752,1.5,8.0,720.0
2753,5.5,9.0,1700.0
2754,7.5,4.0,2900.0
2755,1.5,9.0,740.0
2756,6.5,3.0,3500.0
2757,3.5,6.0,1350.0
2758,4.5,9.0,1550.0
2759,1.5,4.0,950.0
2760,4.5,7.0,2000.0
2761,5.5,10.0,1400.0
2762,4.5,1.0,2639.0
2763,3.5,1.0,1765.0
2764,1.5,1.0,1538.0
2765,3.5,3.0,1700.0
2766,5.5,2.0,3442.0
2767,3.5,2.0,1715.0
2768,4.5,2.0,2415.0
2769,1.5,2.0,1505.0
2770,5.5,1.0,5025.0
2771,3.5,1.0,1765.0
2772,4.5,1.0,2375.0
2773,5.5,5.0,3500.0
2774,4.5,5.0,2000.0
2775,3.5,5.0,1385.0
2776,1.5,5.0,1114.0
2777,3.5,2.0,1650.0
2778,5.5,1.0,4820.0
2779,4.5,1.0,2230.0
2780,3.5,1.0,1875.0
2781,1.5,6.0,1200.0
2782,4.5,2.0,2390.0
2783,4.5,5.0,1195.0
2784,3.5,1.0,1695.0
2785,4.5,1.0,2150.0
2786,1.5,1.0,1655.0
2787,1.5,2.0,1820.0
2788,5.5,2.0,3200.0
2789,5.5,2.0,3450.0
2790,3.5,5.0,1570.0
2792,5.5,4.0,3600.0
2793,5.5,1.0,4820.0
2794,4.5,9.0,2200.0
2795,7.5,9.0,2500.0
2796,3.5,5.0,1100.0
2797,4.5,5.0,2400.0
2798,1.5,8.0,720.0
2799,5.5,9.0,1700.0
2800,7.5,4.0,2900.0
2801,1.5,9.0,740.0
2802,6.5,3.0,3500.0
2803,3.5,6.0,1350.0
2804,4.5,9.0,1550.0
2805,1.5,4.0,950.0
2806,4.5,7.0,2000.0
2807,5.5,10.0,1400.0
2808,4.5,1.0,2639.0
2809,3.5,1.0,1765.0
2810,1.5,1.0,1538.0
2811,3.5,3.0,1700.0
2812,5.5,2.0,3442.0
2813,3.5,2.0,1715.0
2814,4.5,2.0,2415.0
2815,1.5,2.0,1505.0
2816,5.5,1.0,5025.0
2817,3.5,1.0,1765.0
2818,4.5,1.0,2375.0
2819,5.5,5.0,3500.0
2820,4.5,5.0,2000.0
2821,3.5,5.0,1385.0
2822,1.5,5.0,1114.0
2823,3.5,2.0,1650.0
2824,5.5,1.0,4820.0
2825,4.5,1.0,2230.0
2826,3.5,1.0,1875.0
2827,1.5,6.0,1200.0
2828,4.5,2.0,2390.0
2829,4.5,5.0,1195.0
2830,3.5,1.0,1695.0
2831,4.5,1.0,2150.0
2832,1.5,1.0,1655.0
2833,1.5,2.0,1820.0
2834,5.5,2.0,3200.0
2835,5.5,4.0,3600.0
2836,4.5,2.0,2250.0
2837,1.5,9.0,995.0
2838,5.5,6.0,3625.0
2839,4.5,7.0,1750.0
2840,7.5,9.0,2500.0
2841,3.5,5.0,1100.0
2842,4.5,5.0,2400.0
2843,1.5,8.0,720.0
2844,5.5,9.0,1700.0
2845,7.5,4.0,2900.0
2846,1.5,9.0,740.0
2847,6.5,3.0,3500.0
2848,3.5,6.0,1350.0
2849,4.5,9.0,1550.0
2850,1.5,4.0,950.0
2851,4.5,7.0,2000.0
2852,5.5,10.0,1400.0
2853,4.5,1.0,2639.0
2854,3.5,1.0,1765.0
2855,1.5,1.0,1538.0
2856,3.5,3.0,1700.0
2857,5.5,2.0,3442.0
2858,3.5,2.0,1715.0
2859,4.5,2.0,2415.0
2860,1.5,2.0,1505.0
2861,5.5,1.0,5025.0
2862,3.5,1.0,1765.0
2863,4.5,1.0,2375.0
2864,5.5,5.0,3500.0
2865,4.5,5.0,2000.0
2866,3.5,5.0,1385.0
2867,1.5,5.0,1114.0
2868,3.5,2.0,1650.0
2869,5.5,1.0,4820.0
2870,4.5,1.0,2230.0
2871,3.5,1.0,1875.0
2872,1.5,6.0,1200.0
2873,4.5,2.0,2390.0
2874,4.5,5.0,1195.0
2875,3.5,1.0,1695.0
2876,4.5,1.0,2150.0
2877,1.5,1.0,1655.0
2878,1.5,2.0,1820.0
2879,5.5,2.0,3200.0
2880,4.5,9.0,2296.0
2881,3.5,8.0,1614.0
2882,6.5,1.0,5968.0
2883,4.5,8.0,1960.0
2884,3.5,8.0,1585.0
2885,7.5,9.0,2500.0
2886,3.5,5.0,1100.0
2887,4.5,5.0,2400.0
2888,1.5,8.0,720.0
2889,5.5,9.0,1700.0
2890,7.5,4.0,2900.0
2891,1.5,9.0,740.0
2892,6.5,3.0,3500.0
2893,3.5,6.0,1350.0
2894,4.5,9.0,1550.0
2895,1.5,4.0,950.0
2896,4.5,7.0,2000.0
2897,5.5,10.0,1400.0
2898,4.5,1.0,2639.0
2899,3.5,1.0,1765.0
2900,1.5,1.0,1538.0
2901,3.5,3.0,1700.0
2902,5.5,2.0,3442.0
2903,3.5,2.0,1715.0
2904,4.5,2.0,2415.0
2905,1.5,2.0,1505.0
2906,5.5,1.0,5025.0
2907,3.5,1.0,1765.0
2908,4.5,1.0,2375.0
2909,5.5,5.0,3500.0
2910,4.5,5.0,2000.0
2911,3.5,5.0,1385.0
2912,1.5,5.0,1114.0
2913,3.5,2.0,1650.0
2914,5.5,1.0,4820.0
2915,4.5,1.0,2230.0
2916,3.5,1.0,1875.0
2917,1.5,6.0,1200.0
2918,4.5,2.0,2390.0
2919,4.5,5.0,1195.0
2920,3.5,1.0,1695.0
2921,4.5,1.0,2150.0
2922,1.5,1.0,1655.0
2923,1.5,2.0,1820.0
2924,5.5,2.0,3200.0
2925,5.5,6.0,3625.0
2926,1.5,9.0,800.0
2927,4.5,10.0,1700.0
2928,6.5,1.0,5968.0
2929,4.5,3.0,1795.0
2930,7.5,9.0,2500.0
2931,3.5,5.0,1100.0
2932,4.5,5.0,2400.0
2933,1.5,8.0,720.0
2934,5.5,9.0,1700.0
2935,7.5,4.0,2900.0
2936,1.5,9.0,740.0
2937,6.5,3.0,3500.0
2938,3.5,6.0,1350.0
2939,4.5,9.0,1550.0
2940,1.5,4.0,950.0
2941,4.5,7.0,2000.0
2942,5.5,10.0,1400.0
2943,4.5,1.0,2639.0
2944,3.5,1.0,1765.0
2945,1.5,1.0,1538.0
2946,3.5,3.0,1700.0
2947,5.5,2.0,3442.0
2948,3.5,2.0,1715.0
2949,4.5,2.0,2415.0
2950,1.5,2.0,1505.0
2951,5.5,1.0,5025.0
2952,3.5,1.0,1765.0
2953,4.5,1.0,2375.0
2954,5.5,5.0,3500.0
2955,4.5,5.0,2000.0
2956,3.5,5.0,1385.0
2957,1.5,5.0,1114.0
2958,3.5,2.0,1650.0
2959,5.5,1.0,4820.0
2960,4.5,1.0,2230.0
2961,3.5,1.0,1875.0
2962,1.5,6.0,1200.0
2963,4.5,2.0,2390.0
2964,4.5,5.0,1195.0
2965,3.5,1.0,1695.0
2966,4.5,1.0,2150.0
2967,1.5,1.0,1655.0
2968,1.5,2.0,1820.0
2969,5.5,2.0,3200.0
2970,4.5,9.0,1895.0
2971,4.5,5.0,2150.0
2972,4.5,8.0,1850.0
2973,4.5,1.0,1900.0
2974,3.5,1.0,1675.0
2975,7.5,9.0,2500.0
2976,3.5,5.0,1100.0
2977,4.5,5.0,2400.0
2978,1.5,8.0,720.0
2979,5.5,9.0,1700.0
2980,7.5,4.0,2900.0
2981,1.5,9.0,740.0
2982,6.5,3.0,3500.0
2983,3.5,6.0,1350.0
2984,4.5,9.0,1550.0
2985,1.5,4.0,950.0
2986,4.5,7.0,2000.0
2987,5.5,10.0,1400.0
2988,4.5,1.0,2639.0
2989,3.5,1.0,1765.0
2990,1.5,1.0,1538.0
2991,3.5,3.0,1700.0
2992,5.5,2.0,3442.0
2993,3.5,2.0,1715.0
2994,4.5,2.0,2415.0
2995,1.5,2.0,1505.0
2996,5.5,1.0,5025.0
2997,3.5,1.0,1765.0
2998,4.5,1.0,2375.0
2999,5.5,5.0,3500.0
3000,4.5,5.0,2000.0
3001,3.5,5.0,1385.0
3002,1.5,5.0,1114.0
3003,3.5,2.0,1650.0
3004,5.5,1.0,4820.0
3005,4.5,1.0,2230.0
3006,3.5,1.0,1875.0
3007,1.5,6.0,1200.0
3008,4.5,2.0,2390.0
3009,4.5,5.0,1195.0
3010,3.5,1.0,1695.0
3011,4.5,1.0,2150.0
3012,1.5,1.0,1655.0
3013,1.5,2.0,1820.0
3014,5.5,2.0,3200.0
3015,1.5,5.0,635.0
3016,4.5,9.0,2296.0
3017,3.5,8.0,1350.0
3018,3.5,2.0,1850.0
3019,4.5,7.0,1750.0
3020,7.5,9.0,2500.0
3021,3.5,5.0,1100.0
3022,4.5,5.0,2400.0
3023,1.5,8.0,720.0
3024,5.5,9.0,1700.0
3025,7.5,4.0,2900.0
3026,1.5,9.0,740.0
3027,6.5,3.0,3500.0
3028,3.5,6.0,1350.0
3029,4.5,9.0,1550.0
3030,1.5,4.0,950.0
3031,4.5,7.0,2000.0
3032,5.5,10.0,1400.0
3033,4.5,1.0,2639.0
3034,3.5,1.0,1765.0
3035,1.5,1.0,1538.0
3036,3.5,3.0,1700.0
3037,5.5,2.0,3442.0
3038,3.5,2.0,1715.0
3039,4.5,2.0,2415.0
3040,1.5,2.0,1505.0
3041,5.5,1.0,5025.0
3042,3.5,1.0,1765.0
3043,4.5,1.0,2375.0
3044,5.5,5.0,3500.0
3045,4.5,5.0,2000.0
3046,3.5,5.0,1385.0
3047,1.5,5.0,1114.0
3048,3.5,2.0,1650.0
3049,5.5,1.0,4820.0
3050,4.5,1.0,2230.0
3051,3.5,1.0,1875.0
3052,1.5,6.0,1200.0
3053,4.5,2.0,2390.0
3054,4.5,5.0,1195.0
3055,3.5,1.0,1695.0
3056,4.5,1.0,2150.0
3057,1.5,1.0,1655.0
3058,1.5,2.0,1820.0
3059,5.5,2.0,3200.0
3060,5.5,8.0,2600.0
3061,3.5,8.0,1585.0
3062,4.5,2.0,2250.0
3063,3.5,1.0,1885.0
3064,1.5,1.0,1856.0
3065,7.5,9.0,2500.0
3066,3.5,5.0,1100.0
3067,4.5,5.0,2400.0
3068,1.5,8.0,720.0
3069,5.5,9.0,1700.0
3070,7.5,4.0,2900.0
3071,1.5,9.0,740.0
3072,6.5,3.0,3500.0
3073,3.5,6.0,1350.0
3074,4.5,9.0,1550.0
3075,1.5,4.0,950.0
3076,4.5,7.0,2000.0
3077,5.5,10.0,1400.0
3078,4.5,1.0,2639.0
3079,3.5,1.0,1765.0
3080,1.5,1.0,1538.0
3081,3.5,3.0,1700.0
3082,5.5,2.0,3442.0
3083,3.5,2.0,1715.0
3084,4.5,2.0,2415.0
3085,1.5,2.0,1505.0
3086,5.5,1.0,5025.0
3087,3.5,1.0,1765.0
3088,4.5,1.0,2375.0
3089,5.5,5.0,3500.0
3090,4.5,5.0,2000.0
3091,3.5,5.0,1385.0
3092,1.5,5.0,1114.0
3093,3.5,2.0,1650.0
3094,5.5,1.0,4820.0
3095,4.5,1.0,2230.0
3096,3.5,1.0,1875.0
3097,1.5,6.0,1200.0
3098,4.5,2.0,2390.0
3099,4.5,5.0,1195.0
3100,3.5,1.0,1695.0
3101,4.5,1.0,2150.0
3102,1.5,1.0,1655.0
3103,1.5,2.0,1820.0
3104,5.5,2.0,3200.0
3105,3.5,1.0,1829.0
3106,4.5,1.0,1895.0
3107,3.5,8.0,1550.0
3108,1.5,1.0,1856.0
3109,4.5,3.0,2086.0
3110,7.5,9.0,2500.0
3111,3.5,5.0,1100.0
3112,4.5,5.0,2400.0
3113,1.5,8.0,720.0
3114,5.5,9.0,1700.0
3115,7.5,4.0,2900.0
3116,1.5,9.0,740.0
3117,6.5,3.0,3500.0
3118,3.5,6.0,1350.0
3119,4.5,9.0,1550.0
3120,1.5,4.0,950.0
3121,4.5,7.0,2000.0
3122,5.5,10.0,1400.0
3123,4.5,1.0,2639.0
3124,3.5,1.0,1765.0
3125,1.5,1.0,1538.0
3126,3.5,3.0,1700.0
3127,5.5,2.0,3442.0
3128,3.5,2.0,1715.0
3129,4.5,2.0,2415.0
3130,1.5,2.0,1505.0
3131,5.5,1.0,5025.0
3132,3.5,1.0,1765.0
3133,4.5,1.0,2375.0
3134,5.5,5.0,3500.0
3135,4.5,5.0,2000.0
3136,3.5,5.0,1385.0
3137,1.5,5.0,1114.0
3138,3.5,2.0,1650.0
3139,5.5,1.0,4820.0
3140,4.5,1.0,2230.0
3141,3.5,1.0,1875.0
3142,1.5,6.0,1200.0
3143,4.5,2.0,2390.0
3144,4.5,5.0,1195.0
3145,3.5,1.0,1695.0
3146,4.5,1.0,2150.0
3147,1.5,1.0,1655.0
3148,1.5,2.0,1820.0
3149,5.5,2.0,3200.0
3150,4.5,2.0,2250.0
3151,3.5,4.0,1570.0
3152,4.5,1.0,2970.0
3153,3.5,2.0,1550.0
3154,4.5,6.0,1400.0
3155,7.5,9.0,2500.0
3156,3.5,5.0,1100.0
3157,4.5,5.0,2400.0
3158,1.5,8.0,720.0
3159,5.5,9.0,1700.0
3160,7.5,4.0,2900.0
3161,1.5,9.0,740.0
3162,6.5,3.0,3500.0
3163,3.5,6.0,1350.0
3164,4.5,9.0,1550.0
3165,1.5,4.0,950.0
3166,4.5,7.0,2000.0
3167,5.5,10.0,1400.0
3168,4.5,1.0,2639.0
3169,3.5,1.0,1765.0
3170,1.5,1.0,1538.0
3171,3.5,3.0,1700.0
3172,5.5,2.0,3442.0
3173,3.5,2.0,1715.0
3174,4.5,2.0,2415.0
3175,1.5,2.0,1505.0
3176,5.5,1.0,5025.0
3177,3.5,1.0,1765.0
3178,4.5,1.0,2375.0
3179,5.5,5.0,3500.0
3180,4.5,5.0,2000.0
3181,3.5,5.0,1385.0
3182,1.5,5.0,1114.0
3183,3.5,2.0,1650.0
3184,5.5,1.0,4820.0
3185,4.5,1.0,2230.0
3186,3.5,1.0,1875.0
3187,1.5,6.0,1200.0
3188,4.5,2.0,2390.0
3189,4.5,5.0,1195.0
3190,3.5,1.0,1695.0
3191,4.5,1.0,2150.0
3192,1.5,1.0,1655.0
3193,1.5,2.0,1820.0
3194,5.5,2.0,3200.0
3195,4.5,8.0,1960.0
3196,4.5,5.0,2565.0
3197,3.5,1.0,1455.0
3198,4.5,5.0,1295.0
3199,4.5,7.0,2225.0
3200,7.5,9.0,2500.0
3201,3.5,5.0,1100.0
3202,4.5,5.0,2400.0
3203,1.5,8.0,720.0
3204,5.5,9.0,1700.0
3205,7.5,4.0,2900.0
3206,1.5,9.0,740.0
3207,6.5,3.0,3500.0
3208,3.5,6.0,1350.0
3209,4.5,9.0,1550.0
3210,1.5,4.0,950.0
3211,4.5,7.0,2000.0
3212,5.5,10.0,1400.0
3213,4.5,1.0,2639.0
3214,3.5,1.0,1765.0
3215,1.5,1.0,1538.0
3216,3.5,3.0,1700.0
3217,5.5,2.0,3442.0
3218,3.5,2.0,1715.0
3219,4.5,2.0,2415.0
3220,1.5,2.0,1505.0
3221,5.5,1.0,5025.0
3222,3.5,1.0,1765.0
3223,4.5,1.0,2375.0
3224,5.5,5.0,3500.0
3225,4.5,5.0,2000.0
3226,3.5,5.0,1385.0
3227,1.5,5.0,1114.0
3228,3.5,2.0,1650.0
3229,5.5,1.0,4820.0
3230,4.5,1.0,2230.0
3231,3.5,1.0,1875.0
3232,1.5,6.0,1200.0
3233,4.5,2.0,2390.0
3234,4.5,5.0,1195.0
3235,3.5,1.0,1695.0
3236,4.5,1.0,2150.0
3237,1.5,1.0,1655.0
3238,1.5,2.0,1820.0
3239,5.5,2.0,3200.0
3240,3.5,8.0,1495.0
3241,3.5,2.0,1850.0
3242,4.5,7.0,2225.0
3243,4.5,6.0,3295.0
3244,4.5,7.0,1696.0
3245,7.5,9.0,2500.0
3246,3.5,5.0,1100.0
3247,4.5,5.0,2400.0
3248,1.5,8.0,720.0
3249,5.5,9.0,1700.0
3250,7.5,4.0,2900.0
3251,1.5,9.0,740.0
3252,6.5,3.0,3500.0
3253,3.5,6.0,1350.0
3254,4.5,9.0,1550.0
3255,1.5,4.0,950.0
3256,4.5,7.0,2000.0
3257,5.5,10.0,1400.0
3258,4.5,1.0,2639.0
3259,3.5,1.0,1765.0
3260,1.5,1.0,1538.0
3261,3.5,3.0,1700.0
3262,5.5,2.0,3442.0
3263,3.5,2.0,1715.0
3264,4.5,2.0,2415.0
3265,1.5,2.0,1505.0
3266,5.5,1.0,5025.0
3267,3.5,1.0,1765.0
3268,4.5,1.0,2375.0
3269,5.5,5.0,3500.0
3270,4.5,5.0,2000.0
3271,3.5,5.0,1385.0
3272,1.5,5.0,1114.0
3273,3.5,2.0,1650.0
3274,5.5,1.0,4820.0
3275,4.5,1.0,2230.0
3276,3.5,1.0,1875.0
3277,1.5,6.0,1200.0
3278,4.5,2.0,2390.0
3279,4.5,5.0,1195.0
3280,3.5,1.0,1695.0
3281,4.5,1.0,2150.0
3282,1.5,1.0,1655.0
3283,1.5,2.0,1820.0
3284,5.5,2.0,3200.0
3285,4.5,6.0,3295.0
3286,4.5,2.0,1695.0
3287,4.5,3.0,1750.0
3289,1.5,2.0,1590.0
3290,7.5,9.0,2500.0
3291,3.5,5.0,1100.0
3292,4.5,5.0,2400.0
3293,1.5,8.0,720.0
3294,5.5,9.0,1700.0
3295,7.5,4.0,2900.0
3296,1.5,9.0,740.0
3297,6.5,3.0,3500.0
3298,3.5,6.0,1350.0
3299,4.5,9.0,1550.0
3300,1.5,4.0,950.0
3301,4.5,7.0,2000.0
3302,5.5,10.0,1400.0
3303,4.5,1.0,2639.0
3304,3.5,1.0,1765.0
3305,1.5,1.0,1538.0
3306,3.5,3.0,1700.0
3307,5.5,2.0,3442.0
3308,3.5,2.0,1715.0
3309,4.5,2.0,2415.0
3310,1.5,2.0,1505.0
3311,5.5,1.0,5025.0
3312,3.5,1.0,1765.0
3313,4.5,1.0,2375.0
3314,5.5,5.0,3500.0
3315,4.5,5.0,2000.0
3316,3.5,5.0,1385.0
3317,1.5,5.0,1114.0
3318,3.5,2.0,1650.0
3319,5.5,1.0,4820.0
3320,4.5,1.0,2230.0
3321,3.5,1.0,1875.0
3322,1.5,6.0,1200.0
3323,4.5,2.0,2390.0
3324,4.5,5.0,1195.0
3325,3.5,1.0,1695.0
3326,4.5,1.0,2150.0
3327,1.5,1.0,1655.0
3328,1.5,2.0,1820.0
3329,5.5,2.0,3200.0
3330,3.5,8.0,1585.0
3331,4.5,2.0,1750.0
3332,3.5,2.0,1550.0
3333,4.5,2.0,3250.0
3334,6.5,2.0,2795.0
3335,7.5,9.0,2500.0
3336,3.5,5.0,1100.0
3337,4.5,5.0,2400.0
3338,1.5,8.0,720.0
3339,5.5,9.0,1700.0
3340,7.5,4.0,2900.0
3341,1.5,9.0,740.0
3342,6.5,3.0,3500.0
3343,3.5,6.0,1350.0
3344,4.5,9.0,1550.0
3345,1.5,4.0,950.0
3346,4.5,7.0,2000.0
3347,5.5,10.0,1400.0
3348,4.5,1.0,2639.0
3349,3.5,1.0,1765.0
3350,1.5,1.0,1538.0
3351,3.5,3.0,1700.0
3352,5.5,2.0,3442.0
3353,3.5,2.0,1715.0
3354,4.5,2.0,2415.0
3355,1.5,2.0,1505.0
3356,5.5,1.0,5025.0
3357,3.5,1.0,1765.0
3358,4.5,1.0,2375.0
3359,5.5,5.0,3500.0
3360,4.5,5.0,2000.0
3361,3.5,5.0,1385.0
3362,1.5,5.0,1114.0
3363,3.5,2.0,1650.0
3364,5.5,1.0,4820.0
3365,4.5,1.0,2230.0
3366,3.5,1.0,1875.0
3367,1.5,6.0,1200.0
3368,4.5,2.0,2390.0
3369,4.5,5.0,1195.0
3370,3.5,1.0,1695.0
3371,4.5,1.0,2150.0
3372,1.5,1.0,1655.0
3373,1.5,2.0,1820.0
3374,5.5,2.0,3200.0
3375,3.5,2.0,2399.0
3376,1.5,2.0,850.0
3377,3.5,2.0,1550.0
3378,4.5,3.0,1795.0
3379,6.5,1.0,5968.0
3380,7.5,9.0,2500.0
3381,3.5,5.0,1100.0
3382,4.5,5.0,2400.0
3383,1.5,8.0,720.0
3384,5.5,9.0,1700.0
3385,7.5,4.0,2900.0
3386,1.5,9.0,740.0
3387,6.5,3.0,3500.0
3388,3.5,6.0,1350.0
3389,4.5,9.0,1550.0
3390,1.5,4.0,950.0
3391,4.5,7.0,2000.0
3392,5.5,10.0,1400.0
3393,4.5,1.0,2639.0
3394,3.5,1.0,1765.0
3395,1.5,1.0,1538.0
3396,3.5,3.0,1700.0
3397,5.5,2.0,3442.0
3398,3.5,2.0,1715.0
3399,4.5,2.0,2415.0
3400,1.5,2.0,1505.0
3401,5.5,1.0,5025.0
3402,3.5,1.0,1765.0
3403,4.5,1.0,2375.0
3404,5.5,5.0,3500.0
3405,4.5,5.0,2000.0
3406,3.5,5.0,1385.0
3407,1.5,5.0,1114.0
3408,3.5,2.0,1650.0
3409,5.5,1.0,4820.0
3410,4.5,1.0,2230.0
3411,3.5,1.0,1875.0
3412,1.5,6.0,1200.0
3413,4.5,2.0,2390.0
3414,4.5,5.0,1195.0
3415,3.5,1.0,1695.0
3416,4.5,1.0,2150.0
3417,1.5,1.0,1655.0
3418,1.5,2.0,1820.0
3419,5.5,2.0,3200.0
3420,4.5,9.0,2296.0
3421,4.5,5.0,2150.0
3422,1.5,9.0,995.0
3423,3.5,2.0,2399.0
3424,4.5,2.0,1695.0
3425,7.5,9.0,2500.0
3426,3.5,5.0,1100.0
3427,4.5,5.0,2400.0
3428,1.5,8.0,720.0
3429,5.5,9.0,1700.0
3430,7.5,4.0,2900.0
3431,1.5,9.0,740.0
3432,6.5,3.0,3500.0
3433,3.5,6.0,1350.0
3434,4.5,9.0,1550.0
3435,1.5,4.0,950.0
3436,4.5,7.0,2000.0
3437,5.5,10.0,1400.0
3438,4.5,1.0,2639.0
3439,3.5,1.0,1765.0
3440,1.5,1.0,1538.0
3441,3.5,3.0,1700.0
3442,5.5,2.0,3442.0
3443,3.5,2.0,1715.0
3444,4.5,2.0,2415.0
3445,1.5,2.0,1505.0
3446,5.5,1.0,5025.0
3447,3.5,1.0,1765.0
3448,4.5,1.0,2375.0
3449,5.5,5.0,3500.0
3450,4.5,5.0,2000.0
3451,3.5,5.0,1385.0
3452,1.5,5.0,1114.0
3453,3.5,2.0,1650.0
3454,5.5,1.0,4820.0
3455,4.5,1.0,2230.0
3456,3.5,1.0,1875.0
3457,1.5,6.0,1200.0
3458,4.5,2.0,2390.0
3459,4.5,5.0,1195.0
3460,3.5,1.0,1695.0
3461,4.5,1.0,2150.0
3462,1.5,1.0,1655.0
3463,1.5,2.0,1820.0
3464,5.5,2.0,3200.0
3465,3.5,5.0,1925.0
3466,3.5,2.0,2399.0
3467,4.5,2.0,2015.0
3468,4.5,5.0,2150.0
3469,5.5,5.0,1925.0
3470,7.5,9.0,2500.0
3471,3.5,5.0,1100.0
3472,4.5,5.0,2400.0
3473,1.5,8.0,720.0
3474,5.5,9.0,1700.0
3475,7.5,4.0,2900.0
3476,1.5,9.0,740.0
3477,6.5,3.0,3500.0
3478,3.5,6.0,1350.0
3479,4.5,9.0,1550.0
3480,1.5,4.0,950.0
3481,4.5,7.0,2000.0
3482,5.5,10.0,1400.0
3483,4.5,1.0,2639.0
3484,3.5,1.0,1765.0
3485,1.5,1.0,1538.0
3486,3.5,3.0,1700.0
3487,5.5,2.0,3442.0
3488,3.5,2.0,1715.0
3489,4.5,2.0,2415.0
3490,1.5,2.0,1505.0
3491,5.5,1.0,5025.0
3492,3.5,1.0,1765.0
3493,4.5,1.0,2375.0
3494,5.5,5.0,3500.0
3495,4.5,5.0,2000.0
3496,3.5,5.0,1385.0
3497,1.5,5.0,1114.0
3498,3.5,2.0,1650.0
3499,5.5,1.0,4820.0
3500,4.5,1.0,2230.0
3501,3.5,1.0,1875.0
3502,1.5,6.0,1200.0
3503,4.5,2.0,2390.0
3504,4.5,5.0,1195.0
3505,3.5,1.0,1695.0
3506,4.5,1.0,2150.0
3507,1.5,1.0,1655.0
3508,1.5,2.0,1820.0
3509,5.5,2.0,3200.0
3510,4.5,2.0,2250.0
3511,5.5,1.0,4820.0
3512,1.5,1.0,1510.0
3513,4.5,3.0,2225.0
3514,4.5,1.0,1895.0
3515,7.5,9.0,2500.0
3516,3.5,5.0,1100.0
3517,4.5,5.0,2400.0
3518,1.5,8.0,720.0
3519,5.5,9.0,1700.0
3520,7.5,4.0,2900.0
3521,1.5,9.0,740.0
3522,6.5,3.0,3500.0
3523,3.5,6.0,1350.0
3524,4.5,9.0,1550.0
3525,1.5,4.0,950.0
3526,4.5,7.0,2000.0
3527,5.5,10.0,1400.0
3528,4.5,1.0,2639.0
3529,3.5,1.0,1765.0
3530,1.5,1.0,1538.0
3531,3.5,3.0,1700.0
3532,5.5,2.0,3442.0
3533,3.5,2.0,1715.0
3534,4.5,2.0,2415.0
3535,1.5,2.0,1505.0
3536,5.5,1.0,5025.0
3537,3.5,1.0,1765.0
3538,4.5,1.0,2375.0
3539,5.5,5.0,3500.0
3540,4.5,5.0,2000.0
3541,3.5,5.0,1385.0
3542,1.5,5.0,1114.0
3543,3.5,2.0,1650.0
3544,5.5,1.0,4820.0
3545,4.5,1.0,2230.0
3546,3.5,1.0,1875.0
3547,1.5,6.0,1200.0
3548,4.5,2.0,2390.0
3549,4.5,5.0,1195.0
3550,3.5,1.0,1695.0
3551,4.5,1.0,2150.0
3552,1.5,1.0,1655.0
3553,1.5,2.0,1820.0
3554,5.5,2.0,3200.0
3555,4.5,9.0,2296.0
3556,3.5,8.0,1585.0
3557,5.5,1.0,2650.0
3558,4.5,1.0,2325.0
3559,3.5,3.0,1375.0
3560,7.5,9.0,2500.0
3561,3.5,5.0,1100.0
3562,4.5,5.0,2400.0
3563,1.5,8.0,720.0
3564,5.5,9.0,1700.0
3565,7.5,4.0,2900.0
3566,1.5,9.0,740.0
3567,6.5,3.0,3500.0
3568,3.5,6.0,1350.0
3569,4.5,9.0,1550.0
3570,1.5,4.0,950.0
3571,4.5,7.0,2000.0
3572,5.5,10.0,1400.0
3573,4.5,1.0,2639.0
3574,3.5,1.0,1765.0
3575,1.5,1.0,1538.0
3576,3.5,3.0,1700.0
3577,5.5,2.0,3442.0
3578,3.5,2.0,1715.0
3579,4.5,2.0,2415.0
3580,1.5,2.0,1505.0
3581,5.5,1.0,5025.0
3582,3.5,1.0,1765.0
3583,4.5,1.0,2375.0
3584,5.5,5.0,3500.0
3585,4.5,5.0,2000.0
3586,3.5,5.0,1385.0
3587,1.5,5.0,1114.0
3588,3.5,2.0,1650.0
3589,5.5,1.0,4820.0
3590,4.5,1.0,2230.0
3591,3.5,1.0,1875.0
3592,1.5,6.0,1200.0
3593,4.5,2.0,2390.0
3594,4.5,5.0,1195.0
3595,3.5,1.0,1695.0
3596,4.5,1.0,2150.0
3597,1.5,1.0,1655.0
3598,1.5,2.0,1820.0
3599,5.5,2.0,3200.0
3600,1.5,2.0,850.0
3601,3.5,3.0,1575.0
3602,1.5,1.0,1475.0
3603,5.5,1.0,3100.0
3604,1.5,5.0,635.0
3605,7.5,9.0,2500.0
3606,3.5,5.0,1100.0
3607,4.5,5.0,2400.0
3608,1.5,8.0,720.0
3609,5.5,9.0,1700.0
3610,7.5,4.0,2900.0
3611,1.5,9.0,740.0
3612,6.5,3.0,3500.0
3613,3.5,6.0,1350.0
3614,4.5,9.0,1550.0
3615,1.5,4.0,950.0
3616,4.5,7.0,2000.0
3617,5.5,10.0,1400.0
3618,4.5,1.0,2639.0
3619,3.5,1.0,1765.0
3620,1.5,1.0,1538.0
3621,3.5,3.0,1700.0
3622,5.5,2.0,3442.0
3623,3.5,2.0,1715.0
3624,4.5,2.0,2415.0
3625,1.5,2.0,1505.0
3626,5.5,1.0,5025.0
3627,3.5,1.0,1765.0
3628,4.5,1.0,2375.0
3629,5.5,5.0,3500.0
3630,4.5,5.0,2000.0
3631,3.5,5.0,1385.0
3632,1.5,5.0,1114.0
3633,3.5,2.0,1650.0
3634,5.5,1.0,4820.0
3635,4.5,1.0,2230.0
3636,3.5,1.0,1875.0
3637,1.5,6.0,1200.0
3638,4.5,2.0,2390.0
3639,4.5,5.0,1195.0
3640,3.5,1.0,1695.0
3641,4.5,1.0,2150.0
3642,1.5,1.0,1655.0
3643,1.5,2.0,1820.0
3644,5.5,2.0,3200.0
3645,4.5,5.0,2150.0
3646,4.5,2.0,1750.0
3647,4.5,3.0,2000.0
3648,4.5,1.0,2495.0
3649,1.5,1.0,1856.0
3650,7.5,9.0,2500.0
3651,3.5,5.0,1100.0
3652,4.5,5.0,2400.0
3653,1.5,8.0,720.0
3654,5.5,9.0,1700.0
3655,7.5,4.0,2900.0
3656,1.5,9.0,740.0
3657,6.5,3.0,3500.0
3658,3.5,6.0,1350.0
3659,4.5,9.0,1550.0
3660,1.5,4.0,950.0
3661,4.5,7.0,2000.0
3662,5.5,10.0,1400.0
3663,4.5,1.0,2639.0
3664,3.5,1.0,1765.0
3665,1.5,1.0,1538.0
3666,3.5,3.0,1700.0
3667,5.5,2.0,3442.0
3668,3.5,2.0,1715.0
3669,4.5,2.0,2415.0
3670,1.5,2.0,1505.0
3671,5.5,1.0,5025.0
3672,3.5,1.0,1765.0
3673,4.5,1.0,2375.0
3674,5.5,5.0,3500.0
3675,4.5,5.0,2000.0
3676,3.5,5.0,1385.0
3677,1.5,5.0,1114.0
3678,3.5,2.0,1650.0
3679,5.5,1.0,4820.0
3680,4.5,1.0,2230.0
3681,3.5,1.0,1875.0
3682,1.5,6.0,1200.0
3683,4.5,2.0,2390.0
3684,4.5,5.0,1195.0
3685,3.5,1.0,1695.0
3686,4.5,1.0,2150.0
3687,1.5,1.0,1655.0
3688,1.5,2.0,1820.0
3689,5.5,2.0,3200.0
3690,3.5,2.0,1550.0
3693,6.5,2.0,2795.0
3694,4.5,2.0,3250.0
3695,7.5,9.0,2500.0
3696,3.5,5.0,1100.0
3697,4.5,5.0,2400.0
3698,1.5,8.0,720.0
3699,5.5,9.0,1700.0
3700,7.5,4.0,2900.0
3701,1.5,9.0,740.0
3702,6.5,3.0,3500.0
3703,3.5,6.0,1350.0
3704,4.5,9.0,1550.0
3705,1.5,4.0,950.0
3706,4.5,7.0,2000.0
3707,5.5,10.0,1400.0
3708,4.5,1.0,2639.0
3709,3.5,1.0,1765.0
3710,1.5,1.0,1538.0
3711,3.5,3.0,1700.0
3712,5.5,2.0,3442.0
3713,3.5,2.0,1715.0
3714,4.5,2.0,2415.0
3715,1.5,2.0,1505.0
3716,5.5,1.0,5025.0
3717,3.5,1.0,1765.0
3718,4.5,1.0,2375.0
3719,5.5,5.0,3500.0
3720,4.5,5.0,2000.0
3721,3.5,5.0,1385.0
3722,1.5,5.0,1114.0
3723,3.5,2.0,1650.0
3724,5.5,1.0,4820.0
3725,4.5,1.0,2230.0
3726,3.5,1.0,1875.0
3727,1.5,6.0,1200.0
3728,4.5,2.0,2390.0
3729,4.5,5.0,1195.0
3730,3.5,1.0,1695.0
3731,4.5,1.0,2150.0
3732,1.5,1.0,1655.0
3733,1.5,2.0,1820.0
3734,5.5,2.0,3200.0
3735,4.5,1.0,2230.0
3736,3.5,8.0,1585.0
3737,3.5,2.0,1550.0
3738,4.5,1.0,2150.0
3739,5.5,5.0,1925.0
3740,7.5,9.0,2500.0
3741,3.5,5.0,1100.0
3742,4.5,5.0,2400.0
3743,1.5,8.0,720.0
3744,5.5,9.0,1700.0
3745,7.5,4.0,2900.0
3746,1.5,9.0,740.0
3747,6.5,3.0,3500.0
3748,3.5,6.0,1350.0
3749,4.5,9.0,1550.0
3750,1.5,4.0,950.0
3751,4.5,7.0,2000.0
3752,5.5,10.0,1400.0
3753,4.5,1.0,2639.0
3754,3.5,1.0,1765.0
3755,1.5,1.0,1538.0
3756,3.5,3.0,1700.0
3757,5.5,2.0,3442.0
3758,3.5,2.0,1715.0
3759,4.5,2.0,2415.0
3760,1.5,2.0,1505.0
3761,5.5,1.0,5025.0
3762,3.5,1.0,1765.0
3763,4.5,1.0,2375.0
3764,5.5,5.0,3500.0
3765,4.5,5.0,2000.0
3766,3.5,5.0,1385.0
3767,1.5,5.0,1114.0
3768,3.5,2.0,1650.0
3769,5.5,1.0,4820.0
3770,4.5,1.0,2230.0
3771,3.5,1.0,1875.0
3772,1.5,6.0,1200.0
3773,4.5,2.0,2390.0
3774,4.5,5.0,1195.0
3775,3.5,1.0,1695.0
3776,4.5,1.0,2150.0
3777,1.5,1.0,1655.0
3778,1.5,2.0,1820.0
3779,5.5,2.0,3200.0
3781,4.5,1.0,1890.0
3782,4.5,1.0,1950.0
3783,4.5,2.0,3250.0
3784,1.5,1.0,1135.0
3785,7.5,9.0,2500.0
3786,3.5,5.0,1100.0
3787,4.5,5.0,2400.0
3788,1.5,8.0,720.0
3789,5.5,9.0,1700.0
3790,7.5,4.0,2900.0
3791,1.5,9.0,740.0
3792,6.5,3.0,3500.0
3793,3.5,6.0,1350.0
3794,4.5,9.0,1550.0
3795,1.5,4.0,950.0
3796,4.5,7.0,2000.0
3797,5.5,10.0,1400.0
3798,4.5,1.0,2639.0
3799,3.5,1.0,1765.0
3800,1.5,1.0,1538.0
3801,3.5,3.0,1700.0
3802,5.5,2.0,3442.0
3803,3.5,2.0,1715.0
3804,4.5,2.0,2415.0
3805,1.5,2.0,1505.0
3806,5.5,1.0,5025.0
3807,3.5,1.0,1765.0
3808,4.5,1.0,2375.0
3809,5.5,5.0,3500.0
3810,4.5,5.0,2000.0
3811,3.5,5.0,1385.0
3812,1.5,5.0,1114.0
3813,3.5,2.0,1650.0
3814,5.5,1.0,4820.0
3815,4.5,1.0,2230.0
3816,3.5,1.0,1875.0
3817,1.5,6.0,1200.0
3818,4.5,2.0,2390.0
3819,4.5,5.0,1195.0
3820,3.5,1.0,1695.0
3821,4.5,1.0,2150.0
3822,1.5,1.0,1655.0
3823,1.5,2.0,1820.0
3824,5.5,2.0,3200.0
3825,3.5,1.0,1350.0
3826,1.5,1.0,1856.0
3827,4.5,2.0,2250.0
3828,1.5,5.0,635.0
3829,4.5,1.0,1975.0
3830,7.5,9.0,2500.0
3831,3.5,5.0,1100.0
3832,4.5,5.0,2400.0
3833,1.5,8.0,720.0
3834,5.5,9.0,1700.0
3835,7.5,4.0,2900.0
3836,1.5,9.0,740.0
3837,6.5,3.0,3500.0
3838,3.5,6.0,1350.0
3839,4.5,9.0,1550.0
3840,1.5,4.0,950.0
3841,4.5,7.0,2000.0
3842,5.5,10.0,1400.0
3843,4.5,1.0,2639.0
3844,3.5,1.0,1765.0
3845,1.5,1.0,1538.0
3846,3.5,3.0,1700.0
3847,5.5,2.0,3442.0
3848,3.5,2.0,1715.0
3849,4.5,2.0,2415.0
3850,1.5,2.0,1505.0
3851,5.5,1.0,5025.0
3852,3.5,1.0,1765.0
3853,4.5,1.0,2375.0
3854,5.5,5.0,3500.0
3855,4.5,5.0,2000.0
3856,3.5,5.0,1385.0
3857,1.5,5.0,1114.0
3858,3.5,2.0,1650.0
3859,5.5,1.0,4820.0
3860,4.5,1.0,2230.0
3861,3.5,1.0,1875.0
3862,1.5,6.0,1200.0
3863,4.5,2.0,2390.0
3864,4.5,5.0,1195.0
3865,3.5,1.0,1695.0
3866,4.5,1.0,2150.0
3867,1.5,1.0,1655.0
3868,1.5,2.0,1820.0
3869,5.5,2.0,3200.0
3870,4.5,4.0,2300.0
3871,1.5,2.0,1590.0
3872,3.5,7.0,1390.0
3873,4.5,1.0,2230.0
3874,1.5,1.0,1856.0
3875,7.5,9.0,2500.0
3876,3.5,5.0,1100.0
3877,4.5,5.0,2400.0
3878,1.5,8.0,720.0
3879,5.5,9.0,1700.0
3880,7.5,4.0,2900.0
3881,1.5,9.0,740.0
3882,6.5,3.0,3500.0
3883,3.5,6.0,1350.0
3884,4.5,9.0,1550.0
3885,1.5,4.0,950.0
3886,4.5,7.0,2000.0
3887,5.5,10.0,1400.0
3888,4.5,1.0,2639.0
3889,3.5,1.0,1765.0
3890,1.5,1.0,1538.0
3891,3.5,3.0,1700.0
3892,5.5,2.0,3442.0
3893,3.5,2.0,1715.0
3894,4.5,2.0,2415.0
3895,1.5,2.0,1505.0
3896,5.5,1.0,5025.0
3897,3.5,1.0,1765.0
3898,4.5,1.0,2375.0
3899,5.5,5.0,3500.0
3900,4.5,5.0,2000.0
3901,3.5,5.0,1385.0
3902,1.5,5.0,1114.0
3903,3.5,2.0,1650.0
3904,5.5,1.0,4820.0
3905,4.5,1.0,2230.0
3906,3.5,1.0,1875.0
3907,1.5,6.0,1200.0
3908,4.5,2.0,2390.0
3909,4.5,5.0,1195.0
3910,3.5,1.0,1695.0
3911,4.5,1.0,2150.0
3912,1.5,1.0,1655.0
3913,1.5,2.0,1820.0
3914,5.5,2.0,3200.0
3915,5.5,6.0,3600.0
3916,4.5,8.0,1960.0
3917,6.5,1.0,3000.0
3918,4.5,4.0,2600.0
3919,3.5,9.0,1500.0
3920,7.5,9.0,2500.0
3921,3.5,5.0,1100.0
3922,4.5,5.0,2400.0
3923,1.5,8.0,720.0
3924,5.5,9.0,1700.0
3925,7.5,4.0,2900.0
3926,1.5,9.0,740.0
3927,6.5,3.0,3500.0
3928,3.5,6.0,1350.0
3929,4.5,9.0,1550.0
3930,1.5,4.0,950.0
3931,4.5,7.0,2000.0
3932,5.5,10.0,1400.0
3933,4.5,1.0,2639.0
3934,3.5,1.0,1765.0
3935,1.5,1.0,1538.0
3936,3.5,3.0,1700.0
3937,5.5,2.0,3442.0
3938,3.5,2.0,1715.0
3939,4.5,2.0,2415.0
3940,1.5,2.0,1505.0
3941,5.5,1.0,5025.0
3942,3.5,1.0,1765.0
3943,4.5,1.0,2375.0
3944,5.5,5.0,3500.0
3945,4.5,5.0,2000.0
3946,3.5,5.0,1385.0
3947,1.5,5.0,1114.0
3948,3.5,2.0,1650.0
3949,5.5,1.0,4820.0
3950,4.5,1.0,2230.0
3951,3.5,1.0,1875.0
3952,1.5,6.0,1200.0
3953,4.5,2.0,2390.0
3954,4.5,5.0,1195.0
3955,3.5,1.0,1695.0
3956,4.5,1.0,2150.0
3957,1.5,1.0,1655.0
3958,1.5,2.0,1820.0
3959,5.5,2.0,3200.0
3960,4.5,5.0,2565.0
3961,1.5,1.0,1135.0
3962,4.5,7.0,2225.0
3963,4.5,2.0,1750.0
3964,5.5,1.0,4820.0
3965,7.5,9.0,2500.0
3966,3.5,5.0,1100.0
3967,4.5,5.0,2400.0
3968,1.5,8.0,720.0
3969,5.5,9.0,1700.0
3970,7.5,4.0,2900.0
3971,1.5,9.0,740.0
3972,6.5,3.0,3500.0
3973,3.5,6.0,1350.0
3974,4.5,9.0,1550.0
3975,1.5,4.0,950.0
3976,4.5,7.0,2000.0
3977,5.5,10.0,1400.0
3978,4.5,1.0,2639.0
3979,3.5,1.0,1765.0
3980,1.5,1.0,1538.0
3981,3.5,3.0,1700.0
3982,5.5,2.0,3442.0
3983,3.5,2.0,1715.0
3984,4.5,2.0,2415.0
3985,1.5,2.0,1505.0
3986,5.5,1.0,5025.0
3987,3.5,1.0,1765.0
3988,4.5,1.0,2375.0
3989,5.5,5.0,3500.0
3990,4.5,5.0,2000.0
3991,3.5,5.0,1385.0
3992,1.5,5.0,1114.0
3993,3.5,2.0,1650.0
3994,5.5,1.0,4820.0
3995,4.5,1.0,2230.0
3996,3.5,1.0,1875.0
3997,1.5,6.0,1200.0
3998,4.5,2.0,2390.0
3999,4.5,5.0,1195.0
4000,3.5,1.0,1695.0
4001,4.5,1.0,2150.0
4002,1.5,1.0,1655.0
4003,1.5,2.0,1820.0
4004,5.5,2.0,3200.0
4005,3.5,2.0,1350.0
4006,1.5,1.0,1856.0
4007,1.5,2.0,1365.0
4008,3.5,5.0,1925.0
4009,1.5,1.0,1195.0
4010,7.5,9.0,2500.0
4011,3.5,5.0,1100.0
4012,4.5,5.0,2400.0
4013,1.5,8.0,720.0
4014,5.5,9.0,1700.0
4015,7.5,4.0,2900.0
4016,1.5,9.0,740.0
4017,6.5,3.0,3500.0
4018,3.5,6.0,1350.0
4019,4.5,9.0,1550.0
4020,1.5,4.0,950.0
4021,4.5,7.0,2000.0
4022,5.5,10.0,1400.0
4023,4.5,1.0,2639.0
4024,3.5,1.0,1765.0
4025,1.5,1.0,1538.0
4026,3.5,3.0,1700.0
4027,5.5,2.0,3442.0
4028,3.5,2.0,1715.0
4029,4.5,2.0,2415.0
4030,1.5,2.0,1505.0
4031,5.5,1.0,5025.0
4032,3.5,1.0,1765.0
4033,4.5,1.0,2375.0
4034,5.5,5.0,3500.0
4035,4.5,5.0,2000.0
4036,3.5,5.0,1385.0
4037,1.5,5.0,1114.0
4038,3.5,2.0,1650.0
4039,5.5,1.0,4820.0
4040,4.5,1.0,2230.0
4041,3.5,1.0,1875.0
4042,1.5,6.0,1200.0
4043,4.5,2.0,2390.0
4044,4.5,5.0,1195.0
4045,3.5,1.0,1695.0
4046,4.5,1.0,2150.0
4047,1.5,1.0,1655.0
4048,1.5,2.0,1820.0
4049,5.5,2.0,3200.0
4050,3.5,3.0,1710.0
4051,3.5,3.0,1375.0
4052,4.5,6.0,1400.0
4053,3.5,7.0,1390.0
4055,7.5,9.0,2500.0
4056,3.5,5.0,1100.0
4057,4.5,5.0,2400.0
4058,1.5,8.0,720.0
4059,5.5,9.0,1700.0
4060,7.5,4.0,2900.0
4061,1.5,9.0,740.0
4062,6.5,3.0,3500.0
4063,3.5,6.0,1350.0
4064,4.5,9.0,1550.0
4065,1.5,4.0,950.0
4066,4.5,7.0,2000.0
4067,5.5,10.0,1400.0
4068,4.5,1.0,2639.0
4069,3.5,1.0,1765.0
4070,1.5,1.0,1538.0
4071,3.5,3.0,1700.0
4072,5.5,2.0,3442.0
4073,3.5,2.0,1715.0
4074,4.5,2.0,2415.0
4075,1.5,2.0,1505.0
4076,5.5,1.0,5025.0
4077,3.5,1.0,1765.0
4078,4.5,1.0,2375.0
4079,5.5,5.0,3500.0
4080,4.5,5.0,2000.0
4081,3.5,5.0,1385.0
4082,1.5,5.0,1114.0
4083,3.5,2.0,1650.0
4084,5.5,1.0,4820.0
4085,4.5,1.0,2230.0
4086,3.5,1.0,1875.0
4087,1.5,6.0,1200.0
4088,4.5,2.0,2390.0
4089,4.5,5.0,1195.0
4090,3.5,1.0,1695.0
4091,4.5,1.0,2150.0
4092,1.5,1.0,1655.0
4093,1.5,2.0,1820.0
4094,5.5,2.0,3200.0
